,å¹´æ???
0,2016/12/6
1,2016/12/9
2,2016/12/27
3,2017/1/3
4,2017/1/12
5,2017/2/1
6,2017/2/6
7,2017/2/9
8,2017/2/23
9,2017/3/20
10,2017/3/21
11,2017/4/7
12,2017/4/12
13,2017/4/13
14,2017/5/1
15,2017/5/3
16,2017/5/8
17,2017/5/9
18,2017/5/11
19,2017/5/23
20,2017/5/25
21,2017/6/7
22,2017/6/8
23,2017/6/23
24,2017/6/23
25,2017/6/28
26,2017/6/30
27,2017/7/3
28,2017/7/10
29,2017/7/27
30,2017/8/7
31,2017/8/11
32,2017/8/17
33,2017/9/5
34,2017/9/6
35,2017/9/21
36,2017/9/22
37,2017/9/28
38,2017/9/29
39,2017/10/2
40,2017/10/3
41,2017/10/5
42,2017/10/10
43,2017/10/11
44,2017/10/20
45,2017/11/14
46,2017/11/16
47,2017/11/24
48,2017/11/29
49,2017/12/7
50,2017/12/8
51,2017/12/18
52,2017/12/21
53,2017/12/22
54,2017/12/27
55,2018/1/12
56,2018/1/16
57,2018/1/17
58,2018/1/19
59,2018/1/22
60,2018/2/8
61,2018/2/13
62,2018/3/8
63,2018/3/15
64,2018/3/16
65,2018/3/26
66,2018/3/28
67,2018/3/29
68,2018/4/18
69,2018/4/19
70,2018/4/20
71,2018/4/26
72,2018/4/27
73,2018/5/9
74,2018/5/16
75,2018/5/18
76,2018/5/31
77,2018/6/4
78,2018/6/8
79,2018/6/13
80,2018/6/14
81,2018/6/19
82,2018/6/21
83,2018/6/25
84,2018/6/27
85,2018/7/4
86,2018/7/10
87,2018/7/18
88,2018/7/19
89,2018/7/20
90,2018/8/3
91,2018/8/15
92,2018/8/28
93,2018/8/29
94,2018/8/30
95,2018/8/31
96,2018/9/6
97,2018/9/7
98,2018/9/11
99,2018/9/13
100,2018/9/14
101,2018/9/19
102,2018/9/26
103,2018/9/27
104,2018/9/28
105,2018/9/28
106,2018/10/2
107,2018/10/3
108,2018/10/5
109,2018/10/9
110,2018/10/12
111,2018/10/15
112,2018/10/16
113,2018/10/17
114,2018/10/18
115,2018/10/19
116,2018/10/19
117,2018/10/19
118,2018/10/29
119,2018/10/31
120,2018/11/7
121,2018/11/13
122,2018/11/19
123,2018/11/20
124,2018/11/22
125,2018/11/28
126,2018/11/30
127,2018/12/3
128,2018/12/4
129,2018/12/5
130,2018/12/10
131,2018/12/11
132,2018/12/12
133,2018/12/13
134,2018/12/17
135,2018/12/18
136,2018/12/19
137,2018/12/21
138,2019/1/3
139,2019/1/9
140,2019/1/11
141,2019/1/11
142,2019/1/15
143,2019/1/16
144,2019/1/17
145,2019/1/18
146,2019/1/22
147,2019/1/23
148,2019/1/25
149,2019/1/28
150,2019/2/14
151,2019/2/15
152,2019/2/15
153,2019/2/18
154,2019/2/19
155,2019/2/20
156,2019/2/21
157,2019/2/22
158,2019/2/22
159,2019/3/1
160,2019/3/6
161,2019/3/7
162,2019/3/11
163,2019/3/13
164,2019/3/14
165,2019/3/20
166,2019/3/21
167,2019/3/22
168,2019/3/25
169,2019/3/28
170,2019/3/29
171,2019/3/29
172,2019/4/1
173,2019/4/2
174,2019/4/3
175,2019/4/4
176,2019/4/5
177,2019/4/5
178,2019/4/5
179,2019/4/8
