~るら,}L基(じ),程蔼基(じ),程C基(じ),ΜL基(じ),Θユq(d),Θユ(dじ),厨SvH,g锣vH,yqb~鸭(d),カ(κUじ),程岽Ε芏R基,程岽Ε芙婊,厨Sv-Ln,カ趣癍H,Θユ趣癍H,Θユ掸计(掸),セqゑ-TSE,セqゑ-TEJ,鸦b趣-TSE,鸦b趣-TEJ,,sDらe@u@ら,,岜昆|らu@ら,,,,
2019/4/12,251.5,253,251,252,"13,888","3,496,444",0,0.0536,"25,930,380","6,534,455",251.5,252,0,20.175,3.12,"4,931",18.61,18.52,3.9,4.15,,2019/4/8,253,2019/4/12,252,,,
2019/4/11,253,254,251.5,252,"25,146","6,347,861",-0.7874,0.097,"25,930,380","6,534,455",252,252.5,-0.7905,20.168,5.034,"8,284",18.61,18.52,3.9,4.15,,2019/4/5,246.5,2019/4/10,254,,,
2019/4/10,253,254.5,252,254,"33,174","8,403,528",0,0.1279,"25,930,380","6,586,316",254,254.5,0,20.217,7.028,"9,992",18.76,18.67,3.93,4.18,,2019/4/5,246.5,2019/4/10,253,,,
2019/4/9,253,254,252,254,"22,745","5,760,337",0.3953,0.0877,"25,930,380","6,586,316",253.5,254,0.3945,20.248,4.653,"8,323",18.76,18.67,3.93,4.18,,2019/4/5,246.5,2019/4/10,253,,,
2019/4/8,251,253,250.5,253,"46,426","11,682,512",2.6369,0.179,"25,930,380","6,560,386",252.5,253,2.6027,20.263,8.37,"16,430",18.69,18.59,3.91,4.16,,2019/4/4,246.5,2019/4/9,254,,,
2019/4/3,249,249,246.5,246.5,"28,581","7,075,597",0.2033,0.1102,"25,930,380","6,391,838",246.5,247,0.203,19.912,6.647,"8,067",18.21,18.12,3.81,4.06,,2019/4/3,246.5,2019/4/8,253,,,
2019/4/2,249.5,249.5,246,246,"25,189","6,226,523",0.2037,0.0971,"25,930,380","6,378,873",246,246.5,0.2035,19.899,5.103,"9,171",18.17,18.08,3.8,4.05,,2019/4/2,246,2019/4/8,253,,,
2019/4/1,251,251,245,245.5,"35,330","8,758,161",0,0.1362,"25,930,380","6,365,908",245.5,246,0,19.96,6.489,"13,292",18.13,18.04,3.8,4.04,,2019/4/1,245.5,2019/4/8,253,,,
2019/3/29,243,245.5,240.5,245.5,"31,024","7,568,601",1.4463,0.1196,"25,930,380","6,365,908",245,245.5,1.4359,19.963,7.185,"6,712",18.13,18.04,3.8,4.04,,2019/3/29,245.5,2019/4/3,246.5,,,
2019/3/28,240.5,242.5,240,242,"13,998","3,379,510",0.207,0.054,"25,930,380","6,275,151",242,242.5,0.2068,19.874,4.201,"3,948",17.87,17.79,3.74,3.98,,2019/3/29,245.5,2019/4/3,246.5,,,
2019/3/27,242,242.5,240.5,241.5,"23,622","5,703,467",-1.0246,0.0911,"25,930,380","6,262,186",241.5,242,-1.0299,19.822,6.136,"7,603",17.84,17.75,3.73,3.98,,2019/3/28,242,2019/4/2,246,,,
2019/3/26,243,244,241,244,"21,053","5,109,273",1.0352,0.0812,"25,930,380","6,327,012",243.5,244,1.0299,19.996,5.355,"6,630",18.02,17.93,3.77,4.02,,2019/3/25,241.5,2019/4/1,245.5,,,
2019/3/25,240.5,243.5,240.5,241.5,"19,273","4,662,705",-2.8169,0.0743,"25,930,380","6,262,186",241.5,242,-2.8573,19.941,4.762,"8,468",17.84,17.75,3.73,3.98,,2019/3/22,248.5,2019/3/27,241.5,,,
2019/3/22,248,248.5,244.5,248.5,"22,996","5,680,726",1.222,0.0887,"25,930,380","6,443,699",248,248.5,1.2146,20.212,4.763,"10,485",18.35,18.26,3.84,4.09,,2019/3/21,245.5,2019/3/26,244,,,
2019/3/21,242.5,245.5,241,245.5,"27,514","6,710,510",1.4463,0.1061,"25,930,380","6,365,908",245,245.5,1.4359,20.023,6.598,"11,071",18.13,18.04,3.8,4.04,,2019/3/20,242,2019/3/25,241.5,,,
2019/3/20,242,242,239.5,242,"23,055","5,563,557",0.6237,0.0889,"25,930,380","6,275,151",241.5,242,0.6218,19.844,5.181,"6,757",17.87,17.79,3.74,3.98,,2019/3/14,234.5,2019/3/19,240.5,,,
2019/3/19,239,240.5,238,240.5,"14,620","3,496,720",-0.2075,0.0564,"25,930,380","6,236,256",240,240.5,-0.2077,19.796,3.255,"7,105",17.76,17.68,3.72,3.96,,2019/3/13,237,2019/3/18,241,,,
2019/3/18,239.5,241,239,241,"27,040","6,493,129",0.8368,0.1043,"25,930,380","6,249,221",240.5,241,0.8333,19.836,6.199,"10,690",17.8,17.71,3.73,3.97,,2019/3/11,230.5,2019/3/15,239,,,
2019/3/15,237,239.5,235.5,239,"34,542","8,231,572",1.919,0.1332,"25,930,380","6,197,360",239,239.5,1.9008,19.809,5.808,"8,872",17.65,17.56,3.7,3.93,,2019/3/7,234,2019/3/12,235.5,,,
2019/3/14,239,239,234,234.5,"17,281","4,077,045",-1.0549,0.0666,"25,930,380","6,080,674",234,234.5,-1.0605,19.613,3.878,"6,564",17.32,17.23,3.63,3.86,,2019/3/6,234,2019/3/11,230.5,,,
2019/3/13,234,237,234,237,"22,493","5,308,051",0.6369,0.0867,"25,930,380","6,145,500",236.5,237,0.6349,19.775,6.112,"6,269",17.5,17.42,3.66,3.9,,2019/3/1,239,2019/3/6,234,,,
2019/3/12,233,237,232.5,235.5,"23,839","5,601,351",2.1692,0.0919,"25,930,380","6,106,604",235.5,236,2.146,19.706,5.68,"9,253",17.39,17.31,3.64,3.88,,2019/2/22,236.5,2019/2/27,239,,,
2019/3/11,228,230.5,227.5,230.5,"34,282","7,835,079",0.2174,0.1322,"25,930,380","5,976,952",230,230.5,0.2172,19.462,9.388,"7,451",17.02,16.94,3.56,3.79,,2019/2/22,236.5,2019/2/27,239,,,
2019/3/8,231,231.5,229,230,"22,535","5,183,171",-1.7094,0.0869,"25,930,380","5,963,987",230,230.5,-1.7242,19.434,5.843,"8,931",16.99,16.9,3.56,3.79,,2019/2/21,236.5,2019/2/26,239.5,,,
2019/3/7,235,235,233,234,"17,226","4,029,782",0,0.0664,"25,930,380","6,067,708",233.5,234,0,19.638,4.355,"5,768",17.28,17.2,3.62,3.85,,2019/2/20,234.5,2019/2/25,238,,,
2019/3/6,235,235.5,233.5,234,"20,811","4,872,352",0.4292,0.0803,"25,930,380","6,067,708",233.5,234,0.4283,19.551,5.454,"7,090",17.28,17.2,3.62,3.85,,2019/2/19,229,2019/2/25,238,,,
2019/3/5,234,234.5,232.5,233,"23,708","5,533,050",-1.0616,0.0914,"25,930,380","6,041,778",233,233.5,-1.0672,19.568,5.986,"8,706",17.21,17.12,3.6,3.84,,2019/2/18,230,2019/2/25,238,,,
2019/3/4,239.5,239.5,234.5,235.5,"45,164","10,691,130",-1.4644,0.1742,"25,930,380","6,106,604",235,235.5,-1.4753,19.695,8.782,"13,323",17.39,17.31,3.64,3.88,,2019/2/15,227,2019/2/20,234.5,,,
2019/2/27,238.5,239.5,237,239,"37,947","9,052,540",-0.2088,0.1463,"25,930,380","6,197,360",238.5,239,-0.209,19.918,7.134,"9,931",17.65,17.56,3.7,3.93,,2019/2/15,227,2019/2/20,234.5,,,
2019/2/26,239,240,236.5,239.5,"24,586","5,864,298",0.6303,0.0948,"25,930,380","6,210,326",239,239.5,0.6283,19.957,4.824,"7,994",17.69,17.6,3.7,3.94,,2019/2/14,227,2019/2/19,229,,,
2019/2/25,237.5,239,236,238,"25,227","5,995,746",0.6342,0.0973,"25,930,380","6,171,430",237.5,238,0.6322,19.836,5.207,"8,527",17.58,17.49,3.68,3.92,,2019/1/28,229,2019/2/11,228,,,
2019/2/22,235.5,236.5,234,236.5,"22,032","5,187,054",0,0.085,"25,930,380","6,132,534",236,236.5,0,19.84,4.818,"6,913",17.47,17.38,3.66,3.89,,2019/1/25,226,2019/1/30,221,,,
2019/2/21,235.5,236.5,234.5,236.5,"34,013","8,013,908",0.8529,0.1312,"25,930,380","6,132,534",236,236.5,0.8493,19.847,7.081,"11,443",17.49,17.38,3.89,3.89,,2019/1/23,220.5,2019/1/28,229,,,
2019/2/20,231.5,234.5,231,234.5,"31,887","7,430,197",2.4017,0.123,"25,930,380","6,080,674",234,234.5,2.3734,19.77,6.116,"14,241",17.34,17.23,3.86,3.86,,2019/1/22,223,2019/1/28,229,,,
2019/2/19,230,230.5,229,229,"18,423","4,228,108",-0.4348,0.071,"25,930,380","5,938,057",229,229.5,-0.4357,19.534,4.524,"6,471",16.94,16.83,3.77,3.77,,2019/1/18,218.5,2019/1/23,220.5,,,
2019/2/18,229,230.5,228.5,230,"18,163","4,169,729",1.3216,0.07,"25,930,380","5,963,987",229.5,230,1.3129,19.633,4.269,"7,035",17.01,16.9,3.79,3.79,,2019/1/17,220.5,2019/1/22,223,,,
2019/2/15,229,229,226.5,227,"22,369","5,093,773",0,0.0863,"25,930,380","5,886,196",227,227.5,0,19.531,4.921,"5,743",16.79,16.68,3.74,3.74,,2019/1/16,217.5,2019/1/21,221,,,
2019/2/14,229.5,230,226,227,"23,647","5,392,943",-0.8734,0.0912,"25,930,380","5,886,196",227,227.5,-0.8772,19.482,5.229,"6,873",16.79,16.68,3.74,3.74,,2019/1/15,221,2019/1/21,221,,,
2019/2/13,232,232,228.5,229,"28,634","6,575,201",-0.4348,0.1104,"25,930,380","5,938,057",229,229.5,-0.4357,19.652,5.055,"10,230",16.94,16.83,3.77,3.77,,2019/1/11,220.5,2019/1/16,217.5,,,
2019/2/12,230,230,229,230,"30,125","6,921,488",0.8772,0.1162,"25,930,380","5,963,987",229.5,230,0.8734,19.725,6.026,"13,313",17.01,16.9,3.79,3.79,,2019/1/11,220.5,2019/1/16,217.5,,,
2019/2/11,228,229,226.5,228,"81,360","18,546,167",3.1674,0.3138,"25,930,380","5,912,126",228,228.5,3.1183,19.734,15.313,"21,689",16.86,16.76,3.75,3.75,,2019/1/9,215.5,2019/1/14,218.5,,,
2019/1/30,220.5,221.5,220,221,"51,889","11,453,957",-0.6742,0.2001,"25,930,380","5,730,613",220.5,221,-0.6764,19.311,11.976,"12,858",16.35,16.24,3.64,3.64,,2019/1/3,215.5,2019/1/8,211,,,
2019/1/29,222.5,225,222,222.5,"42,566","9,486,156",-2.8384,0.1642,"25,930,380","5,769,509",222.5,223,-2.8795,19.444,11.657,"13,344",16.46,16.35,3.66,3.66,,2018/12/21,223.5,2018/12/26,216.5,,,
2019/1/28,229.5,229.5,228,229,"29,134","6,665,379",1.3274,0.1124,"25,930,380","5,938,057",228.5,229,1.3187,19.849,7.785,"10,189",16.94,16.83,3.77,3.77,,2018/12/19,225.5,2018/12/24,220,,,
2019/1/25,226.5,227,225,226,"48,039","10,870,045",1.573,0.1853,"25,930,380","5,860,265",226,226.5,1.5608,19.675,10.649,"14,979",16.72,16.61,3.72,3.72,,2018/12/18,222.5,2018/12/24,220,,,
2019/1/24,222.5,222.5,220.5,222.5,"31,348","6,958,753",0.907,0.1209,"25,930,380","5,769,509",222,222.5,0.9029,19.551,8.833,"6,291",16.46,16.35,3.66,3.66,,2018/12/17,223.5,2018/12/22,221.5,,,
2019/1/23,221.5,222,220,220.5,"18,671","4,121,110",-1.1211,0.072,"25,930,380","5,717,648",220.5,221,-1.1274,19.405,6.962,"7,059",16.31,16.21,3.63,3.63,,2018/12/13,226,2018/12/18,222.5,,,
2019/1/22,220,223,219,223,"30,958","6,854,867",0.905,0.1194,"25,930,380","5,782,474",222.5,223,0.9009,19.53,9.696,"8,258",16.49,16.39,3.67,3.67,,2018/12/12,226.5,2018/12/17,223.5,,,
2019/1/21,220,223,220,221,"32,515","7,208,829",1.1442,0.1254,"25,930,380","5,730,613",220.5,221,1.1377,19.365,8.689,"10,549",16.35,16.24,3.64,3.64,,2018/12/11,222.5,2018/12/17,223.5,,,
2019/1/18,219,220,217.5,218.5,"52,677","11,530,053",-0.907,0.2031,"25,930,380","5,665,788",218.5,219,-0.9112,19.249,13.164,"15,157",16.16,16.06,3.6,3.6,,2018/12/10,219,2018/12/14,222.5,,,
2019/1/17,218,221,218,220.5,"21,163","4,646,131",1.3793,0.0816,"25,930,380","5,717,648",220,220.5,1.3699,19.518,5.534,"8,288",16.31,16.21,3.63,3.63,,2018/12/5,226,2018/12/10,219,,,
2019/1/16,218.5,220,217.5,217.5,"30,038","6,563,789",-1.5837,0.1158,"25,930,380","5,639,857",217.5,218,-1.5964,19.302,7.552,"8,950",16.09,15.98,3.58,3.58,,2018/12/4,234,2018/12/10,219,,,
2019/1/15,216.5,221,215.5,221,"42,990","9,399,209",1.1442,0.1658,"25,930,380","5,730,613",220.5,221,1.1377,19.529,10.422,"11,609",16.35,16.24,3.64,3.64,,2018/12/3,235,2018/12/7,221,,,
2019/1/14,218.5,220,217,218.5,"17,612","3,844,735",-0.907,0.0679,"25,930,380","5,665,788",218,218.5,-0.9112,19.502,5.994,"6,469",16.16,16.06,3.6,3.6,,2018/11/30,225.5,2018/12/5,226,,,
2019/1/11,219,220.5,218,220.5,"28,658","6,296,719",2.0833,0.1105,"25,930,380","5,717,648",220,220.5,2.0619,19.578,7.357,"11,198",16.31,16.21,3.63,3.63,,2018/11/28,226.5,2018/12/3,235,,,
2019/1/10,216,216.5,214.5,216,"20,832","4,491,377",0.232,0.0803,"25,930,380","5,600,962",215.5,216,0.2317,19.254,5.628,"6,018",15.98,15.87,3.56,3.56,,2018/11/22,219,2018/11/27,224,,,
2019/1/9,212,216.5,211,215.5,"51,255","11,006,827",2.1327,0.1977,"25,930,380","5,587,996",215.5,216,2.1103,19.175,9.458,"14,098",15.94,15.84,3.55,3.55,,2018/11/20,218,2018/11/26,223,,,
2019/1/8,212,212.5,210,211,"23,794","5,019,703",-0.939,0.0918,"25,930,380","5,471,310",210.5,211,-0.9434,19.118,7.11,"9,377",15.61,15.51,3.47,3.47,,2018/11/19,222,2018/11/23,218.5,,,
2019/1/7,212,214,211,213,"35,695","7,591,116",2.4038,0.1377,"25,930,380","5,523,170",212.5,213,2.3754,19.245,9.365,"11,224",15.75,15.65,3.51,3.51,,2018/11/13,227.5,2018/11/19,222,,,
2019/1/4,211.5,211.5,206.5,208,"67,043","13,987,136",-3.4803,0.2586,"25,930,380","5,393,519",207.5,208,-3.5423,19.209,15.147,"28,786",15.38,15.29,3.42,3.42,,2018/11/7,234,2018/11/12,231.5,,,
2019/1/3,214,218,214,215.5,"34,615","7,459,051",-1.8223,0.1335,"25,930,380","5,587,996",215,215.5,-1.8391,19.672,9.436,"14,549",15.94,15.84,3.55,3.55,,2018/10/31,234,2018/11/5,235,,,
2019/1/2,226.5,226.5,219,219.5,"32,900","7,276,419",-2.6608,0.1269,"25,930,380","5,691,718",219.5,220,-2.6968,19.908,11.792,"12,329",16.24,16.13,3.61,3.61,,2018/10/29,222.5,2018/11/2,236.5,,,
2018/12/28,223.5,225.5,222.5,225.5,"30,156","6,762,447",1.1211,0.1163,"25,930,380","5,847,300",225,225.5,1.1148,20.114,9.999,"10,247",16.68,16.57,3.71,3.71,,2018/10/19,236,2018/10/24,229.5,,,
2018/12/27,222,224,220.5,223,"21,915","4,874,845",3.0023,0.0845,"25,930,380","5,782,474",222.5,223,2.9581,20.068,6.79,"9,531",16.49,16.39,3.67,3.67,,2018/10/19,236,2018/10/24,229.5,,,
2018/12/26,218.5,219.5,216,216.5,"16,893","3,678,108",-0.4598,0.0651,"25,930,380","5,613,927",216.5,217,-0.4608,19.817,6.075,"6,998",16.01,15.91,3.56,3.56,,2018/10/19,236,2018/10/24,229.5,,,
2018/12/25,215.5,218,215,217.5,"19,402","4,198,767",-1.1364,0.0748,"25,930,380","5,639,857",217.5,218,-1.1429,19.808,6.751,"8,065",16.09,15.98,3.58,3.58,,2018/10/18,236.5,2018/10/23,230,,,
2018/12/24,221.5,221.5,219.5,220,"23,376","5,151,549",-0.6772,0.0901,"25,930,380","5,704,683",220,220.5,-0.6795,19.801,8.421,"6,122",16.27,16.17,3.62,3.62,,2018/10/17,238.5,2018/10/22,237,,,
2018/12/22,220,221.5,220,221.5,"5,185","1,145,814",-0.8949,0.02,"25,930,380","5,743,579",221,221.5,-0.8989,19.923,3.517,"2,229",16.38,16.28,3.65,3.65,,2018/10/16,237,2018/10/22,237,,,
2018/12/21,219,224,219,223.5,"46,947","10,401,202",1.1312,0.1811,"25,930,380","5,795,439",223,223.5,1.1249,20.04,10.523,"9,554",16.53,16.43,3.68,3.68,,2018/10/15,230.5,2018/10/19,236,,,
2018/12/20,221,222.5,221,221,"38,697","8,573,665",-1.9956,0.1492,"25,930,380","5,730,613",221,221.5,-2.0157,19.818,10.741,"10,528",16.35,16.24,3.64,3.64,,2018/10/12,237,2018/10/17,238.5,,,
2018/12/19,222,225.5,222,225.5,"23,415","5,255,393",1.3483,0.0903,"25,930,380","5,847,300",225,225.5,1.3393,19.998,6.646,"7,875",16.68,16.57,3.71,3.71,,2018/10/9,244,2018/10/15,230.5,,,
2018/12/18,221,223,220.5,222.5,"30,270","6,713,448",-0.4474,0.1167,"25,930,380","5,769,509",222,222.5,-0.4484,19.862,8.191,"10,521",16.46,16.35,3.66,3.66,,2018/10/5,250,2018/10/9,244,,,
2018/12/17,221,225,220,223.5,"18,964","4,229,977",0.4494,0.0731,"25,930,380","5,795,439",223.5,224,0.4484,19.811,5.936,"6,449",16.53,16.43,3.68,3.68,,2018/10/3,260,2018/10/8,243.5,,,
2018/12/14,223,223.5,220.5,222.5,"43,226","9,570,070",-1.5487,0.1667,"25,930,380","5,769,509",222,222.5,-1.5608,19.749,10.926,"10,454",16.46,16.35,3.66,3.66,,2018/10/2,257.5,2018/10/8,243.5,,,
2018/12/13,227,227.5,225,226,"32,433","7,345,479",-0.2208,0.1251,"25,930,380","5,860,265",225.5,226,-0.221,19.888,7.257,"8,635",16.72,16.61,3.72,3.72,,2018/9/28,262.5,2018/10/3,260,,,
2018/12/12,223.5,227,222.5,226.5,"32,926","7,418,108",1.7978,0.127,"25,930,380","5,873,231",226.5,227,1.7818,20.018,7.927,"9,117",16.75,16.65,3.73,3.73,,2018/9/28,262.5,2018/10/3,260,,,
2018/12/11,220,223,219,222.5,"27,395","6,067,551",1.5982,0.1056,"25,930,380","5,769,509",222,222.5,1.5855,19.886,7.127,"8,509",16.46,16.35,3.66,3.66,,2018/9/27,265,2018/10/2,257.5,,,
2018/12/10,219.5,220,218.5,219,"26,229","5,744,814",-0.905,0.1012,"25,930,380","5,678,753",218.5,219,-0.9091,19.694,6.491,"8,650",16.2,16.1,3.6,3.61,,2018/9/26,263.5,2018/10/1,263,,,
2018/12/7,222.5,223.5,220.5,221,"31,997","7,097,739",0.4545,0.1234,"25,930,380","5,730,613",221,221.5,0.4535,19.643,7.796,"8,315",16.35,16.24,3.64,3.64,,2018/9/19,258,2018/9/25,263.5,,,
2018/12/6,220,222,219.5,220,"40,181","8,853,295",-2.6549,0.155,"25,930,380","5,704,683",220,220.5,-2.6907,19.707,6.825,"15,702",16.27,16.17,3.62,3.62,,2018/9/14,261,2018/9/19,258,,,
2018/12/5,226.5,227.5,225,226,"45,634","10,316,394",-3.4188,0.176,"25,930,380","5,860,265",225.5,226,-3.4786,19.772,9.947,"15,703",16.72,16.61,3.72,3.72,,2018/9/13,255.5,2018/9/18,254.5,,,
2018/12/4,233,234.5,231,234,"41,947","9,791,147",-0.4255,0.1618,"25,930,380","6,067,708",233.5,234,-0.4264,20.137,7.197,"12,545",17.31,17.2,3.85,3.85,,2018/9/11,260,2018/9/17,258,,,
2018/12/3,231,235,231,235,"49,612","11,579,966",4.2129,0.1913,"25,930,380","6,093,639",234.5,235,4.1265,20.112,7.615,"19,747",17.38,17.27,3.87,3.87,,2018/9/7,264,2018/9/12,260.5,,,
2018/11/30,229.5,231,225.5,225.5,"57,352","12,995,823",-1.5284,0.2212,"25,930,380","5,847,300",225.5,226,-1.5402,20.772,8.421,"10,931",16.68,16.61,3.71,3.92,,2018/9/6,261,2018/9/11,260,,,
2018/11/29,231.5,231.5,229,229,"46,206","10,629,450",1.1038,0.1782,"25,930,380","5,938,057",228.5,229,1.0977,21.1,8.354,"15,849",16.94,16.87,3.77,3.99,,2018/8/31,256,2018/9/5,264,,,
2018/11/28,222.5,227,222,226.5,"24,759","5,560,623",1.1161,0.0955,"25,930,380","5,873,231",226,226.5,1.1099,20.86,4.939,"8,316",16.75,16.69,3.73,3.94,,2018/8/30,263.5,2018/9/4,257.5,,,
2018/11/27,220,224.5,219,224,"32,676","7,239,283",0.4484,0.126,"25,930,380","5,808,405",223.5,224,0.4474,20.853,7.985,"10,170",16.57,16.5,3.69,3.9,,2018/8/29,259,2018/9/3,257,,,
2018/11/26,219,224,218.5,223,"35,267","7,847,501",2.0595,0.136,"25,930,380","5,782,474",223,223.5,2.0386,20.787,10.051,"9,422",16.49,16.43,3.67,3.88,,2018/8/28,249.5,2018/9/3,257,,,
2018/11/23,220.5,220.5,217,218.5,"15,553","3,406,422",-0.2283,0.06,"25,930,380","5,665,788",218.5,219,-0.2286,20.573,5.063,"6,164",16.16,16.1,3.6,3.8,,2018/8/15,241.5,2018/8/20,239.5,,,
2018/11/22,221.5,222,219,219,"22,060","4,867,686",0,0.0851,"25,930,380","5,678,753",219,219.5,0,20.52,5.499,"9,095",16.2,16.14,3.6,3.81,,2018/8/3,247,2018/8/8,247.5,,,
2018/11/21,214.5,220,214,219,"38,478","8,361,178",0.4587,0.1484,"25,930,380","5,678,753",219,219.5,0.4577,20.455,9.472,"13,580",16.2,16.14,3.6,3.81,,2018/7/20,237.5,2018/8/6,245.5,,,
2018/11/20,219,220.5,218,218,"45,686","9,995,960",-1.8018,0.1762,"25,930,380","5,652,822",218,218.5,-1.8182,20.356,12.392,"16,874",16.12,16.06,3.59,3.79,,2018/7/19,224.5,2018/7/24,241,,,
2018/11/19,225,225,221,222,"51,034","11,355,347",-1.7699,0.1968,"25,930,380","5,756,544",222,222.5,-1.7858,20.552,13.881,"16,289",16.42,16.36,3.65,3.86,,2018/7/18,223,2018/7/23,241,,,
2018/11/16,229,229,225,226,"47,138","10,696,822",-2.1645,0.1818,"25,930,380","5,860,265",225.5,226,-2.1883,20.989,10.195,"16,009",16.72,16.65,3.72,3.93,,2018/7/10,222,2018/7/16,223.5,,,
2018/11/15,229.5,232,228.5,231,"22,230","5,124,189",1.0941,0.0857,"25,930,380","5,989,917",230.5,231,1.0882,21.391,5.925,"5,996",17.09,17.02,3.8,4.02,,2018/7/4,216,2018/7/9,221.5,,,
2018/11/14,230,231,228.5,228.5,"24,565","5,639,284",0.4396,0.0947,"25,930,380","5,925,091",228.5,229,0.4386,21.234,6.146,"6,007",16.9,16.84,3.76,3.98,,2018/6/27,213,2018/7/2,214,,,
2018/11/13,224.5,228,224.5,227.5,"37,565","8,504,691",-1.7279,0.1449,"25,930,380","5,899,161",227.5,228,-1.743,21.177,8.691,"11,507",16.79,16.76,3.96,3.96,,2018/6/25,218,2018/6/29,216.5,,,
2018/11/12,230,234.5,230,231.5,"26,202","6,101,377",0.2165,0.101,"25,930,380","6,002,882",231.5,232,0.2162,21.429,7.607,"6,252",17.08,17.06,4.03,4.03,,2018/6/21,218.54,2018/6/26,214.5,,,
2018/11/9,234.5,234.5,231,231,"23,792","5,526,997",-2.3256,0.0918,"25,930,380","5,989,917",231,231.5,-2.353,21.385,6.466,"7,886",17.05,17.02,4.02,4.02,,2018/6/19,217.09,2018/6/25,218,,,
2018/11/8,237.5,237.5,236,236.5,"28,086","6,645,771",1.0684,0.1083,"25,930,380","6,132,534",236,236.5,1.0627,21.642,6.264,"9,461",17.45,17.42,4.12,4.12,,2018/6/14,218.54,2018/6/19,217.09,,,
2018/11/7,233,236,232.5,234,"39,842","9,337,023",-0.2132,0.1536,"25,930,380","6,067,708",233.5,234,-0.2134,21.492,8.994,"7,387",17.27,17.24,4.07,4.07,,2018/6/13,223.84,2018/6/19,217.09,,,
2018/11/6,234,235.5,232.5,234.5,"35,501","8,311,988",-0.2128,0.1369,"25,930,380","6,080,674",234,234.5,-0.213,21.723,7.883,"7,013",17.31,17.28,4.08,4.08,,2018/6/8,219.02,2018/6/13,223.84,,,
2018/11/5,233,235.5,232,235,"28,157","6,592,130",-0.6342,0.1086,"25,930,380","6,093,639",234.5,235,-0.6363,21.627,6.91,"6,994",17.34,17.31,4.09,4.09,,2018/6/4,220.95,2018/6/8,219.02,,,
2018/11/2,236.5,236.5,233.5,236.5,"30,785","7,249,667",0.4246,0.1187,"25,930,380","6,132,534",236,236.5,0.4237,21.728,5.568,"11,223",17.45,17.42,4.12,4.12,,2018/5/31,216.12,2018/6/5,220.95,,,
2018/11/1,236,237,233,235.5,"44,514","10,480,329",0.641,0.1717,"25,930,380","6,106,604",235,235.5,0.639,21.774,9.437,"11,435",17.38,17.35,4.1,4.1,,2018/5/18,215.64,2018/5/23,220.46,,,
2018/10/31,228,234,228,234,"59,933","13,844,478",4.9327,0.2311,"25,930,380","6,067,708",233,234,4.8149,21.791,12.143,"19,183",17.27,17.24,4.07,4.07,,2018/5/16,222.39,2018/5/21,220.95,,,
2018/10/30,221,225,220.5,223,"29,085","6,487,213",0.2247,0.1122,"25,930,380","5,782,474",222.5,223,0.2245,21.369,7.756,"8,574",16.46,16.43,3.88,3.88,,2018/5/9,221.43,2018/5/14,224.81,,,
2018/10/29,223,224,221,222.5,"18,463","4,107,663",0.6787,0.0712,"25,930,380","5,769,509",222,222.5,0.6764,21.342,4.787,"7,679",16.42,16.39,3.87,3.87,,2018/4/27,215.64,2018/5/2,215.16,,,
2018/10/26,223,224,217,221,"54,073","11,941,421",0.6834,0.2085,"25,930,380","5,730,613",220.5,221.5,0.681,21.261,10.902,"17,106",16.31,16.28,3.85,3.85,,2018/4/26,214.19,2018/5/2,215.16,,,
2018/10/25,220.5,222,219.5,219.5,"75,524","16,643,542",-4.3573,0.2913,"25,930,380","5,691,718",219.5,220,-4.4551,21.048,14.707,"27,514",16.2,16.17,3.82,3.82,,2018/4/20,220.95,2018/4/25,217.57,,,
2018/10/24,230,231,227,229.5,"45,480","10,426,514",-0.2174,0.1754,"25,930,380","5,951,022",229,229.5,-0.2176,21.463,9.682,"17,339",16.94,16.91,3.99,3.99,,2018/4/19,235.9,2018/4/24,217.09,,,
2018/10/23,232,234,230,230,"36,757","8,538,586",-2.9536,0.1418,"25,930,380","5,963,987",230,230.5,-2.9981,21.476,9.835,"13,071",16.97,16.95,4,4,,2018/4/18,229.63,2018/4/23,218.54,,,
2018/10/22,232.5,238,231.5,237,"29,275","6,872,467",0.4237,0.1129,"25,930,380","6,145,500",236.5,237,0.4228,21.689,8.354,"10,384",17.49,17.46,4.12,4.12,,2018/3/29,235.42,2018/4/3,234.45,,,
2018/10/19,231,236.5,230,236,"29,648","6,927,405",-0.2114,0.1143,"25,930,380","6,119,569",235.5,236,-0.2116,21.717,6.133,"12,378",17.42,17.39,4.11,4.11,,2018/3/28,236.38,2018/4/3,234.45,,,
2018/10/18,238,239,235.5,236.5,"27,793","6,587,887",-0.8386,0.1072,"25,930,380","6,132,534",236.5,237,-0.8421,21.687,7.641,"10,599",17.45,17.42,4.12,4.12,,2018/3/26,234.94,2018/4/2,237.83,,,
2018/10/17,241.5,243,238,238.5,"42,887","10,318,955",0.6329,0.1654,"25,930,380","6,184,395",238,238.5,0.6309,20.896,10.082,"17,550",17.6,17.57,4.15,4.15,,2018/3/16,246.03,2018/3/21,243.62,,,
2018/10/16,229.5,237,229,237,"39,129","9,155,829",2.82,0.1509,"25,930,380","6,145,500",236.5,237,2.7809,20.76,9.426,"15,182",17.49,17.46,4.12,4.12,,2018/3/15,246.03,2018/3/20,244.1,,,
2018/10/15,234,234,230.5,230.5,"46,471","10,766,953",-2.7426,0.1792,"25,930,380","5,976,952",230.5,231,-2.7809,20.354,10.429,"16,558",17.01,16.98,4.01,4.01,,2018/3/8,240.73,2018/3/13,249.89,,,
2018/10/12,231,237,229,237,"54,439","12,650,322",4.1758,0.2099,"25,930,380","6,145,500",236.5,237,4.091,20.627,9.583,"17,980",17.49,17.46,4.12,4.12,,2018/2/13,228.18,2018/2/21,233.97,,,
2018/10/11,233.5,233.5,227,227.5,"96,033","22,115,862",-6.7623,0.3703,"25,930,380","5,899,161",227,227.5,-7.0018,20.285,12.129,"37,543",16.79,16.76,3.96,3.96,,2018/2/8,230.11,2018/2/12,228.18,,,
2018/10/9,243.5,245,242,244,"28,933","7,051,600",0.2053,0.1116,"25,930,380","6,327,012",243.5,244,0.2051,20.366,6.318,"11,743",18.01,17.98,4.25,4.25,,2018/1/22,252.3,2018/1/26,246.03,,,
2018/10/8,245.5,246.5,241,243.5,"51,083","12,426,290",-2.6,0.197,"25,930,380","6,314,047",243.5,244,-2.6344,20.345,11.198,"20,745",17.97,17.94,4.24,4.24,,2018/1/19,246.52,2018/1/24,248.93,,,
2018/10/5,250,253,248.5,250,"40,396","10,101,451",-1.5748,0.1558,"25,930,380","6,482,595",249.5,250,-1.5873,20.768,7.317,"16,031",18.45,18.42,4.35,4.35,,2018/1/17,233.49,2018/1/22,252.3,,,
2018/10/4,257,257.5,254,254,"38,009","9,690,178",-2.3077,0.1466,"25,930,380","6,586,316",254,254.5,-2.3347,20.703,9.298,"15,094",18.75,18.71,4.42,4.42,,2018/1/16,232.04,2018/1/22,252.3,,,
2018/10/3,257.5,260,257,260,"25,228","6,527,393",0.9709,0.0973,"25,930,380","6,741,898",259.5,260,0.9662,20.89,6.911,"9,992",19.19,19.16,4.52,4.52,,2018/1/12,228.67,2018/1/17,233.49,,,
2018/10/2,262,263,257,257.5,"38,391","9,926,505",-2.0913,0.1481,"25,930,380","6,677,072",257,257.5,-2.1134,20.585,10.054,"17,095",19,18.97,4.48,4.48,,2017/12/27,217.09,2018/1/2,224.32,,,
2018/10/1,262,264,261,263,"22,409","5,882,532",0.1905,0.0864,"25,930,380","6,819,689",263,263.5,0.1903,20.773,6.684,"11,914",19.41,19.38,4.58,4.58,,2017/12/22,219.5,2017/12/27,217.09,,,
2018/9/28,266,266,260,262.5,"39,645","10,412,455",-0.9434,0.1529,"25,930,380","6,806,724",262,262.5,-0.9479,20.857,8.157,"13,060",19.37,19.88,4.57,4.24,,2017/12/21,217.09,2017/12/26,218.05,,,
2018/9/27,264,266,262,265,"38,495","10,185,827",0.5693,0.1485,"25,930,380","6,871,550",264.5,265,0.5676,21.005,9.026,"11,536",19.56,20.07,4.61,4.28,,2017/12/18,219.02,2017/12/22,219.5,,,
2018/9/26,263,263.5,261,263.5,"25,061","6,577,367",0,0.0966,"25,930,380","6,832,655",263,263.5,0,20.961,6.836,"7,007",19.45,19.96,4.59,4.25,,2017/12/8,219.02,2017/12/13,219.02,,,
2018/9/25,261.5,264,260.5,263.5,"24,978","6,552,894",0.7648,0.0963,"25,930,380","6,832,655",263.5,264,0.7619,20.953,6.058,"10,082",19.45,19.96,4.59,4.25,,2017/12/7,218.54,2017/12/12,219.5,,,
2018/9/21,261.5,261.5,258,261.5,"36,500","9,510,363",0.5769,0.1408,"25,930,380","6,780,794",261,261.5,0.5753,20.809,6.395,"10,159",19.3,19.81,4.55,4.22,,2017/11/29,226.25,2017/12/4,225.77,,,
2018/9/20,261.5,261.5,257.5,260,"35,577","9,225,009",0.7752,0.1372,"25,930,380","6,741,898",259.5,260,0.7722,20.959,7.199,"9,444",19.19,19.69,4.52,4.2,,2017/11/24,235.42,2017/11/29,226.25,,,
2018/9/19,258,260,257,258,"69,978","18,074,954",1.3752,0.2699,"25,930,380","6,690,038",258,258.5,1.3659,20.703,14.937,"14,056",19.04,19.54,4.49,4.17,,2017/11/16,229.63,2017/11/21,234.45,,,
2018/9/18,256.5,257,254,254.5,"34,381","8,771,502",-1.3566,0.1326,"25,930,380","6,599,281",254.5,255,-1.3659,20.606,7.931,"11,097",18.78,19.28,4.43,4.11,,2017/11/14,231.56,2017/11/20,230.11,,,
2018/9/17,262.5,262.5,257,258,"25,041","6,483,537",-1.1494,0.0966,"25,930,380","6,690,038",258,258.5,-1.1561,20.739,7.668,"10,710",19.04,19.54,4.49,4.17,,2017/10/20,229.15,2017/10/25,229.63,,,
2018/9/14,257,261.5,257,261,"40,034","10,379,404",2.3529,0.1544,"25,930,380","6,767,829",260.5,261,2.3257,20.905,8.61,"15,690",19.26,19.77,4.54,4.21,,2017/10/11,224.81,2017/10/16,229.63,,,
2018/9/13,260,260,253.5,255,"37,959","9,721,989",-2.1113,0.1464,"25,930,380","6,612,246",255,255.5,-2.1339,20.692,9.157,"14,987",18.82,19.31,4.44,4.12,,2017/10/10,216.61,2017/10/16,229.63,,,
2018/9/12,261,262,258,260.5,"38,415","9,987,682",0.1923,0.1481,"25,930,380","6,754,863",260,260.5,0.1921,21.098,8.728,"12,104",19.23,19.73,4.53,4.21,,2017/10/5,216.61,2017/10/11,224.81,,,
2018/9/11,263,263.5,258,260,"44,981","11,709,484",-1.7013,0.1735,"25,930,380","6,741,898",259.5,260,-1.716,21,9.67,"14,768",19.19,19.69,4.52,4.2,,2017/10/3,214.68,2017/10/6,216.61,,,
2018/9/10,266.5,266.5,262.5,264.5,"62,851","16,669,866",0.1894,0.2424,"25,930,380","6,858,585",264,264.5,0.1892,21.416,11.252,"15,504",19.52,20.03,4.6,4.27,,2017/10/2,212.75,2017/10/6,216.61,,,
2018/9/7,263,264,260.5,264,"44,746","11,753,033",1.1494,0.1726,"25,930,380","6,845,620",263.5,264,1.1429,21.137,8.16,"15,015",19.48,19.99,4.59,4.26,,2017/9/29,208.89,2017/10/5,216.61,,,
2018/9/6,268,268,261,261,"39,779","10,467,251",-1.1364,0.1534,"25,930,380","6,767,829",261,261.5,-1.1429,20.748,8.483,"11,996",19.26,19.77,4.54,4.21,,2017/9/28,206.47,2017/10/3,214.68,,,
2018/9/5,260,264.5,259,264,"52,706","13,833,360",2.5243,0.2033,"25,930,380","6,845,620",263.5,264,2.4929,20.834,12.316,"16,421",19.48,19.99,4.59,4.26,,2017/9/22,210.82,2017/9/27,207.44,,,
2018/9/4,258.5,259.5,255.5,257.5,"41,455","10,654,493",0.1946,0.1599,"25,930,380","6,677,072",257.5,258,0.1944,20.271,9.543,"9,069",19,19.5,4.48,4.16,,2017/9/21,213.23,2017/9/26,206.47,,,
2018/9/3,259,260,256.5,257,"34,510","8,901,193",0.3906,0.1331,"25,930,380","6,664,107",257,257.5,0.3899,20.34,8.34,"11,442",18.97,19.46,4.47,4.15,,2017/9/6,209.37,2017/9/11,209.37,,,
2018/8/31,257.5,259,254,256,"70,000","17,920,548",-2.8463,0.27,"25,930,380","6,638,177",255.5,256,-2.8876,20.1,15.702,"19,019",18.89,19.39,4.46,4.13,,2017/9/5,210.33,2017/9/11,209.37,,,
2018/8/30,264.5,268,262.5,263.5,"52,622","13,914,404",1.7375,0.2029,"25,930,380","6,832,655",263,263.5,1.7225,20.634,13.02,"22,862",19.45,19.96,4.59,4.25,,2017/8/17,206.47,2017/8/22,206.96,,,
2018/8/29,253.5,259,253.5,259,"57,633","14,784,556",3.8076,0.2223,"25,930,380","6,715,968",258.5,259,3.7369,20.267,13.143,"25,668",19.11,19.62,4.51,4.18,,2017/8/11,205.03,2017/8/16,205.51,,,
2018/8/28,248.5,250,248,249.5,"40,410","10,075,613",1.8367,0.1558,"25,930,380","6,469,629",249,249.5,1.8201,19.718,8.287,"16,881",18.41,18.9,4.34,4.03,,2017/8/7,208.4,2017/8/11,205.03,,,
2018/8/27,246,246.5,244.5,245,"15,579","3,825,736",0.616,0.0601,"25,930,380","6,352,943",245,245.5,0.6141,19.517,3.943,"7,858",18.08,18.56,4.26,3.96,,2017/7/27,207.92,2017/8/2,208.4,,,
2018/8/24,245.5,246,243,243.5,"15,446","3,772,959",-0.409,0.0596,"25,930,380","6,314,047",243.5,244,-0.4098,19.569,4.13,"5,099",17.97,18.44,4.24,3.93,,2017/7/10,198.76,2017/7/17,205.51,,,
2018/8/23,243,244.5,243,244.5,"17,216","4,200,671",1.0331,0.0664,"25,930,380","6,339,977",244,244.5,1.0278,19.557,4.504,"5,660",18.04,18.52,4.26,3.95,,2017/7/3,201.65,2017/7/7,198.76,,,
2018/8/22,241.5,242.5,240.5,242,"12,679","3,063,201",0.4149,0.0489,"25,930,380","6,275,151",241.5,242,0.4141,19.462,3.338,"5,009",17.86,18.33,4.21,3.91,,2017/6/30,201.17,2017/7/5,201.17,,,
2018/8/21,239,241,238.5,241,"13,871","3,328,215",0.6263,0.0535,"25,930,380","6,249,221",240.5,241,0.6244,19.404,3.199,"5,474",17.79,18.25,4.19,3.89,,2017/6/28,201.17,2017/7/3,201.65,,,
2018/8/20,239.5,240,238,239.5,"17,014","4,068,729",0,0.0656,"25,930,380","6,210,326",239,239.5,0,19.451,3.793,"6,640",17.68,18.14,4.17,3.87,,2017/6/23,202.62,2017/6/28,201.17,,,
2018/8/17,239.5,241,239,239.5,"19,634","4,707,354",0.2092,0.0757,"25,930,380","6,210,326",239.5,240,0.209,19.467,3.982,"6,680",17.68,18.14,4.17,3.87,,2017/6/23,202.62,2017/6/28,201.17,,,
2018/8/16,238,241.5,238,239,"19,155","4,587,260",-1.0352,0.0739,"25,930,380","6,197,360",239,239.5,-1.0406,19.439,3.559,"9,397",17.64,18.1,4.16,3.86,,2017/6/8,198.88,2017/6/13,194.21,,,
2018/8/15,244.5,244.5,239.5,241.5,"19,236","4,642,117",-0.8214,0.0742,"25,930,380","6,262,186",241.5,242,-0.8247,19.58,3.716,"8,920",17.82,18.29,4.2,3.9,,2017/6/7,197.48,2017/6/12,193.75,,,
2018/8/14,245,245,242.5,243.5,"17,488","4,262,753",1.2474,0.0674,"25,930,380","6,314,047",243,243.5,1.2397,19.546,3.261,"7,415",17.97,18.44,4.24,3.93,,2017/5/25,193.28,2017/5/31,189.54,,,
2018/8/13,241.5,243,239,240.5,"17,881","4,302,280",-1.8367,0.069,"25,930,380","6,236,256",240,240.5,-1.8538,19.441,2.884,"9,875",18.07,18.21,3.88,3.88,,2017/5/23,191.41,2017/5/31,189.54,,,
2018/8/10,246.5,247,244.5,245,"16,125","3,961,311",-0.8097,0.0622,"25,930,380","6,352,943",244.5,245,-0.813,19.382,3.352,"6,558",18.41,18.56,3.96,3.96,,2017/5/11,193.75,2017/5/16,190.94,,,
2018/8/9,247,248,246,247,"15,128","3,740,736",-0.202,0.0583,"25,930,380","6,404,803",247,247.5,-0.2022,19.462,3.218,"7,127",18.56,18.71,3.99,3.99,,2017/5/9,190.01,2017/5/15,192.34,,,
2018/8/8,245,247.5,244.5,247.5,"24,382","6,011,480",2.4845,0.094,"25,930,380","6,417,769",247,247.5,2.4541,19.419,4.493,"10,247",18.6,18.74,4,4,,2017/5/8,189.08,2017/5/12,192.34,,,
2018/8/7,245,245.5,241.5,241.5,"24,352","5,922,738",-1.6293,0.0939,"25,930,380","6,262,186",241.5,242,-1.6427,19.106,5.244,"9,665",18.14,18.29,3.9,3.9,,2017/5/3,184.87,2017/5/8,189.08,,,
2018/8/6,245,247,244,245.5,"22,364","5,487,396",-0.6073,0.0862,"25,930,380","6,365,908",245.5,246,-0.6091,19.352,5.088,"9,732",18.44,18.59,3.96,3.96,,2017/5/1,183.47,2017/5/5,184.41,,,
2018/8/3,246,248,245,247,"25,165","6,205,758",1.0225,0.097,"25,930,380","6,404,803",246,247,1.0173,19.491,4.79,"9,585",18.56,18.71,3.99,3.99,,2017/4/13,178.81,2017/4/18,175.54,,,
2018/8/2,249,249.5,243.5,244.5,"22,775","5,611,725",-1.4113,0.0878,"25,930,380","6,339,977",244,244.5,-1.4213,19.45,4.389,"10,343",18.37,18.52,3.95,3.95,,2017/4/12,178.34,2017/4/17,175.07,,,
2018/8/1,247,248,246.5,248,"29,777","7,375,488",0.813,0.1148,"25,930,380","6,430,734",247.5,248,0.8097,19.431,5.437,"11,667",18.63,18.78,4,4,,2017/4/7,178.34,2017/4/12,178.34,,,
2018/7/31,243.5,246,242,246,"28,202","6,912,550",0.2037,0.1088,"25,930,380","6,378,873",245.5,246,0.2035,19.347,4.552,"9,460",18.48,18.63,3.97,3.97,,2017/3/21,182.07,2017/3/27,180.21,,,
2018/7/30,244.5,245.5,244,245.5,"22,803","5,585,710",0.409,0.0879,"25,930,380","6,365,908",245.5,246,0.4082,19.35,4.68,"9,953",18.44,18.59,3.96,3.96,,2017/3/20,178.81,2017/3/24,179.74,,,
2018/7/27,242,244.5,241,244.5,"27,129","6,605,479",1.4523,0.1046,"25,930,380","6,339,977",244,244.5,1.4418,19.197,5.625,"12,493",18.37,18.52,3.95,3.95,,2017/2/23,176,2017/3/1,173.67,,,
2018/7/26,241,242.5,239.5,241,"30,856","7,435,261",0.2079,0.119,"25,930,380","6,249,221",240.5,241,0.2077,19.034,5.943,"10,235",18.11,18.25,3.89,3.89,,2017/2/9,171.8,2017/2/14,175.07,,,
2018/7/25,239,241,239,240.5,"21,530","5,173,924",-0.2075,0.083,"25,930,380","6,236,256",240.5,241,-0.2077,19.072,4.488,"8,491",18.07,18.21,3.88,3.88,,2017/2/6,172.27,2017/2/10,173.2,,,
2018/7/24,240,241.5,238.5,241,"27,468","6,599,675",0,0.1059,"25,930,380","6,249,221",240.5,241,0,19.06,4.919,"10,574",18.11,18.25,3.89,3.89,,2017/2/1,173.2,2017/2/6,172.27,,,
2018/7/23,239,245,238.5,241,"52,269","12,621,500",1.4737,0.2016,"25,930,380","6,249,221",241,241.5,1.4629,19.144,9.06,"19,777",18.11,18.25,3.89,3.89,,2017/1/12,172.27,2017/1/17,169,,,
2018/7/20,235,237.5,233,237.5,"103,652","24,367,904",5.7906,0.3997,"25,930,380","6,158,465",237,237.5,5.6292,18.893,15.632,"39,544",17.84,17.99,3.83,3.83,,2017/1/3,170.87,2017/1/9,171.8,,,
2018/7/19,225.5,227,224.5,224.5,"43,976","9,930,715",0.6726,0.1696,"25,930,380","5,821,370",224.5,225,0.6704,18.018,7.315,"12,076",16.87,17,3.63,3.62,,2016/12/27,168.07,2017/1/3,170.87,,,
2018/7/18,223,224,222,223,"45,802","10,221,407",0.6772,0.1766,"25,930,380","5,782,474",222.5,223,0.6749,17.879,6.537,"12,139",16.75,16.89,3.6,3.6,,2016/12/9,173.67,2016/12/14,175.07,,,
2018/7/17,222.5,223.5,221,221.5,"22,554","5,003,028",-0.8949,0.087,"25,930,380","5,743,579",221.5,222,-0.8989,17.863,3.927,"8,636",16.64,16.78,3.58,3.58,,2016/12/6,169.94,2016/12/12,172.74,,,
2018/7/16,224.5,225,223.5,223.5,"16,107","3,612,296",-0.4454,0.0621,"25,930,380","5,795,439",223.5,224,-0.4464,17.961,3.078,"6,321",16.79,16.93,3.61,3.61,,,,,,,,
2018/7/13,222.5,224.5,222.5,224.5,"30,419","6,799,894",1.8141,0.1173,"25,930,380","5,821,370",224,224.5,1.7978,17.964,5.061,"11,723",16.87,17,3.63,3.62,,,,,,,,
2018/7/12,218,222,218,220.5,"23,806","5,246,628",0.2273,0.0918,"25,930,380","5,717,648",220.5,221,0.227,17.851,4.297,"7,885",16.57,16.7,3.56,3.56,,,,,,,,
2018/7/11,220,220,218,220,"19,854","4,355,547",-0.9009,0.0766,"25,930,380","5,704,683",219.5,220,-0.905,17.908,3.545,"7,437",16.53,16.66,3.55,3.55,,,,,,,,
2018/7/10,223,224,222,222,"20,196","4,498,264",0.2257,0.0779,"25,930,380","5,756,544",222,222.5,0.2255,17.935,3.808,"6,922",16.68,16.81,3.58,3.58,,,,,,,,
2018/7/9,219.5,223,218.5,221.5,"41,165","9,100,880",2.0737,0.1588,"25,930,380","5,743,579",221.5,222,2.0525,17.957,6.979,"14,795",16.64,16.78,3.58,3.58,,,,,,,,
2018/7/6,217.5,217.5,215,217,"31,344","6,779,063",1.1655,0.1209,"25,930,380","5,626,892",216.5,217,1.1588,17.777,4.465,"8,620",16.3,16.43,3.5,3.5,,,,,,,,
2018/7/5,214,215,213,214.5,"18,225","3,904,832",-0.6944,0.0703,"25,930,380","5,562,066",214,214.5,-0.6969,17.567,3.148,"5,581",16.12,16.25,3.46,3.46,,,,,,,,
2018/7/4,217,217.5,215.5,216,"15,359","3,324,927",0.6993,0.0592,"25,930,380","5,600,962",216,216.5,0.6969,17.509,2.855,"5,434",16.23,16.36,3.49,3.49,,,,,,,,
2018/7/3,215.5,218,213.5,214.5,"28,663","6,173,115",0.2336,0.1105,"25,930,380","5,562,066",214,214.5,0.2334,17.399,3.903,"7,758",16.12,16.25,3.46,3.46,,,,,,,,
2018/7/2,218.5,219,214,214,"33,496","7,257,081",-1.1547,0.1292,"25,930,380","5,549,101",214,214.5,-1.1615,17.258,5.399,"8,508",16.08,16.21,3.46,3.46,,,,,,,,
2018/6/29,212,217,212,216.5,"36,848","7,919,779",2.1226,0.1421,"25,930,380","5,613,927",216,216.5,2.1004,17.367,5.999,"8,652",16.27,16.4,3.5,3.5,,,,,,,,
2018/6/28,211,214.5,210,212,"38,816","8,231,075",-0.4695,0.1497,"25,930,380","5,497,240",212,212.5,-0.4706,17.299,6.775,"10,772",15.93,16.06,3.42,3.42,,,,,,,,
2018/6/27,216,216,212.5,213,"40,863","8,742,004",-0.6993,0.1576,"25,930,380","5,523,170",213,213.5,-0.7018,17.305,6.37,"12,681",16,16.13,3.44,3.44,,,,,,,,
2018/6/26,215.5,216,212.5,214.5,"43,080","9,242,648",-1.6055,0.1661,"25,930,380","5,562,066",214,214.5,-1.6185,17.361,7.241,"15,639",16.12,16.25,3.46,3.46,,,,,,,,
2018/6/25,220,220.5,218,218,"49,058","10,749,795",-0.6593,0.1892,"25,930,380","5,652,822",218,218.5,-0.6615,17.572,9.068,"17,959",16.38,16.51,3.52,3.52,,,,,,,,
2018/6/22,216.61,219.5,216.12,219.5,"44,211","9,994,644",0.4415,0.1705,"25,930,380","5,899,161",227,227.5,0.4405,18.148,7.117,"14,388",17.09,17.23,3.67,3.67,,,,,,,,
2018/6/21,219.5,219.98,218.05,218.54,"32,572","7,379,769",0.2212,0.1256,"25,930,380","5,873,231",226.5,227,0.221,18,5.66,"9,421",17.02,17.15,3.66,3.66,,,,,,,,
2018/6/20,216.61,219.5,215.64,218.05,"40,708","9,175,159",0.4444,0.157,"25,930,380","5,860,265",226,226.5,0.4435,17.983,5.519,"13,262",16.98,17.12,3.65,3.65,,,,,,,,
2018/6/19,217.57,218.05,216.12,217.09,"61,142","13,754,800",-2.5974,0.2358,"25,930,380","5,834,335",225,225.5,-2.6317,17.941,8.582,"19,088",16.9,17.04,3.63,3.63,,,,,,,,
2018/6/15,217.09,222.88,216.12,222.88,"49,506","11,291,127",1.9868,0.1909,"25,930,380","5,989,917",230.5,231,1.9673,18.117,6.109,"10,090",17.36,17.5,3.73,3.73,,,,,,,,
2018/6/14,221.91,221.91,218.54,218.54,"36,932","8,423,126",-2.3707,0.1424,"25,930,380","5,873,231",226.5,227,-2.3992,17.884,5.325,"12,252",17.02,17.15,3.66,3.66,,,,,,,,
2018/6/13,220.95,223.84,219.98,223.84,"36,081","8,311,856",1.31,0.1391,"25,930,380","6,015,848",231.5,232,1.3015,18.057,4.874,"10,687",17.43,17.57,3.75,3.75,,,,,,,,
2018/6/12,217.09,220.95,216.12,220.95,"30,189","6,837,374",1.3274,0.1164,"25,930,380","5,938,057",228,229,1.3187,17.876,3.945,"8,281",17.21,17.34,3.7,3.7,,,,,,,,
2018/6/11,218.54,219.02,217.09,218.05,"22,028","4,980,629",-0.4405,0.085,"25,930,380","5,860,265",226,226.5,-0.4415,17.635,3.382,"6,726",16.98,17.12,3.65,3.65,,,,,,,,
2018/6/8,220.95,220.95,218.05,219.02,"24,192","5,493,234",-1.3043,0.0933,"25,930,380","5,886,196",227,227.5,-1.3129,17.702,3.613,"7,775",17.05,17.19,3.67,3.67,,,,,,,,
2018/6/7,222.88,223.36,219.98,221.91,"25,277","5,809,345",0,0.0975,"25,930,380","5,963,987",229.5,230,0,17.784,3.241,"9,146",17.28,17.42,3.71,3.71,,,,,,,,
2018/6/6,220.95,221.91,219.02,221.91,"30,375","6,961,135",0.4367,0.1171,"25,930,380","5,963,987",229.5,230,0.4357,17.863,4.291,"9,758",17.28,17.42,3.71,3.71,,,,,,,,
2018/6/5,221.91,221.91,218.54,220.95,"27,714","6,329,201",0,0.1069,"25,930,380","5,938,057",228.5,229,0,17.948,4.095,"8,509",17.21,17.34,3.7,3.7,,,,,,,,
2018/6/4,219.5,220.95,219.02,220.95,"31,257","7,131,988",2.2321,0.1205,"25,930,380","5,938,057",228.5,229,2.2076,17.933,4.882,"9,746",17.21,17.34,3.7,3.7,,,,,,,,
2018/6/1,216.61,218.54,216.12,216.12,"36,652","8,209,412",0,0.1413,"25,930,380","5,808,405",224,224.5,0,17.798,6.17,"7,627",16.83,16.97,3.62,3.62,,,,,,,,
2018/5/31,213.71,216.12,212.75,216.12,"96,587","21,553,655",1.3575,0.3725,"25,930,380","5,808,405",223.5,224,1.3483,17.927,9.401,"12,737",16.83,16.83,3.62,4.06,,,,,,,,
2018/5/30,216.12,216.12,212.75,213.23,"49,667","10,997,306",-1.7778,0.1915,"25,930,380","5,730,613",221,221.5,-1.7938,17.774,7.305,"21,406",16.6,16.6,3.57,4.01,,,,,,,,
2018/5/29,218.54,218.54,215.64,217.09,"25,770","5,782,293",-0.8811,0.0994,"25,930,380","5,834,335",225,225.5,-0.885,17.86,4.394,"11,400",16.9,16.9,3.63,4.08,,,,,,,,
2018/5/28,221.43,221.91,218.54,219.02,"17,673","4,020,203",-0.6565,0.0682,"25,930,380","5,886,196",226.5,227,-0.6586,17.98,3.057,"7,239",17.05,17.05,3.67,4.11,,,,,,,,
2018/5/25,220.46,221.43,219.98,220.46,"16,486","3,769,909",-0.2183,0.0636,"25,930,380","5,925,091",228.5,229,-0.2186,18.175,3.133,"5,474",17.17,17.17,3.69,4.14,,,,,,,,
2018/5/24,221.43,221.91,220.46,220.95,"13,450","3,082,675",0.2188,0.0519,"25,930,380","5,938,057",228.5,229,0.2186,18.224,2.597,"4,240",17.21,17.2,3.7,4.15,,,,,,,,
2018/5/23,223.36,223.36,220.46,220.46,"26,737","6,146,178",-0.2183,0.1031,"25,930,380","5,925,091",228.5,229,-0.2186,18.269,4.726,"5,059",17.17,17.17,3.69,4.14,,,,,,,,
2018/5/22,221.91,225.29,220.95,220.95,"22,422","5,175,634",0,0.0865,"25,930,380","5,938,057",229,229.5,0,18.221,4.146,"6,963",17.21,17.2,3.7,4.15,,,,,,,,
2018/5/21,217.09,221.91,217.09,220.95,"16,417","3,751,438",2.4609,0.0633,"25,930,380","5,938,057",228.5,229,2.4311,18.176,3.243,"7,591",17.21,17.2,3.7,4.15,,,,,,,,
2018/5/18,217.57,219.5,215.64,215.64,"28,187","6,327,474",-1.3245,0.1087,"25,930,380","5,795,439",223.5,224,-1.3334,17.961,5.308,"9,720",16.79,16.79,3.61,4.05,,,,,,,,
2018/5/17,222.88,223.36,218.54,218.54,"27,702","6,322,484",-1.7354,0.1068,"25,930,380","5,873,231",226.5,227.5,-1.7506,18.2,5.087,"8,428",17.02,17.02,3.66,4.11,,,,,,,,
2018/5/16,221.43,222.39,220.46,222.39,"14,834","3,408,682",0,0.0572,"25,930,380","5,976,952",230,230.5,0,18.413,2.631,"5,398",17.32,17.32,3.72,4.18,,,,,,,,
2018/5/15,225.29,225.77,221.43,222.39,"23,771","5,493,470",-1.073,0.0917,"25,930,380","5,976,952",230.5,231,-1.0788,18.452,3.823,"7,810",17.32,17.32,3.72,4.18,,,,,,,,
2018/5/14,226.25,226.25,224.32,224.81,"23,577","5,502,726",0,0.0909,"25,930,380","6,041,778",233,233.5,0,18.52,4.127,"7,666",17.51,17.5,3.76,4.22,,,,,,,,
2018/5/11,223.84,225.77,222.39,224.81,"30,693","7,138,428",1.5251,0.1184,"25,930,380","6,041,778",233,233.5,1.5135,18.68,4.607,"11,920",17.51,17.5,3.76,4.22,,,,,,,,
2018/5/10,222.88,223.36,220.95,221.43,"27,530","6,337,230",0,0.1062,"25,930,380","5,951,022",229.5,230,0,18.568,4.926,"11,051",17.24,17.24,3.71,4.16,,,,,,,,
2018/5/9,220.46,223.84,220.46,221.43,"35,597","8,188,991",0.6579,0.1373,"25,930,380","5,951,022",229.5,230,0.6557,18.667,6.514,"12,616",17.24,17.24,3.71,4.16,,,,,,,,
2018/5/8,216.12,220.46,215.64,219.98,"40,324","9,146,327",2.0134,0.1555,"25,930,380","5,912,126",227.5,228,1.9934,18.763,7.594,"13,229",17.13,17.13,3.68,4.13,,,,,,,,
2018/5/7,217.09,217.57,213.71,215.64,"23,751","5,309,421",0.2242,0.0916,"25,930,380","5,795,439",223.5,224,0.224,18.547,4.62,"8,951",16.79,16.79,3.61,4.05,,,,,,,,
2018/5/4,213.23,216.12,212.75,215.16,"28,477","6,330,594",1.1338,0.1098,"25,930,380","5,782,474",223,223.5,1.1274,18.643,5.66,"8,445",16.75,16.75,3.6,4.04,,,,,,,,
2018/5/3,213.23,214.68,212.26,212.75,"33,507","7,399,813",-1.1211,0.1292,"25,930,380","5,717,648",220.5,221,-1.1274,18.448,6.443,"12,287",16.57,16.56,3.56,4,,,,,,,,
2018/5/2,219.02,219.5,214.68,215.16,"38,436","8,633,492",-1.7621,0.1482,"25,930,380","5,782,474",223,223.5,-1.7778,18.281,7.153,"11,445",16.75,16.75,3.6,4.04,,,,,,,,
2018/4/30,216.61,219.98,214.68,219.02,"28,500","6,448,117",1.566,0.1099,"25,930,380","5,886,196",226.5,227,1.5539,18.747,5.963,"9,480",17.16,17.05,3.87,4.11,,,,,,,,
2018/4/27,217.09,217.57,213.23,215.64,"34,443","7,679,131",0.6757,0.1328,"25,930,380","5,795,439",223,223.5,0.6734,18.665,7.07,"10,859",16.89,16.79,3.81,4.05,,,,,,,,
2018/4/26,217.09,217.57,213.23,214.19,"48,176","10,766,085",-1.3333,0.1858,"25,930,380","5,756,544",221.5,222,-1.3423,18.654,8.358,"16,253",16.78,16.68,3.78,4.02,,,,,,,,
2018/4/25,217.57,218.05,216.12,217.09,"48,975","11,032,111",-0.8811,0.1889,"25,930,380","5,834,335",225,225.5,-0.885,18.779,8.714,"15,136",17.01,16.9,3.83,4.08,,,,,,,,
2018/4/24,217.09,219.5,217.09,219.02,"45,206","10,233,860",0.2208,0.1743,"25,930,380","5,886,196",227,227.5,0.2205,18.911,6.976,"13,970",17.16,17.05,3.87,4.11,,,,,,,,
2018/4/23,218.54,219.5,217.09,218.54,"71,901","16,282,275",-1.0917,0.2773,"25,930,380","5,873,231",226,226.5,-1.0977,18.661,12.778,"22,048",17.12,17.02,3.86,4.11,,,,,,,,
2018/4/20,219.98,223.36,219.98,220.95,"129,890","29,837,344",-6.3395,0.5009,"25,930,380","5,938,057",229,229.5,-6.5493,18.723,20.191,"46,349",17.31,17.2,3.9,4.15,,,,,,,,
2018/4/19,233.49,235.9,232.53,235.9,"33,230","8,081,404",2.7311,0.1282,"25,930,380","6,339,977",244,244.5,2.6945,19.642,5.566,"10,987",18.48,18.37,4.17,4.43,,,,,,,,
2018/4/18,231.08,233.01,228.18,229.63,"44,768","10,668,587",0,0.1726,"25,930,380","6,171,430",238,238.5,0,19.337,7.881,"12,132",17.99,17.88,4.05,4.31,,,,,,,,
2018/4/17,234.45,234.94,229.15,229.63,"42,756","10,232,256",-2.2587,0.1649,"25,930,380","6,171,430",238,238.5,-2.2846,19.076,7.11,"18,381",17.99,17.88,4.05,4.31,,,,,,,,
2018/4/16,234.45,235.42,233.49,234.94,"21,608","5,251,556",-0.409,0.0833,"25,930,380","6,314,047",243,243.5,-0.4098,19.258,4.587,"8,436",18.41,18.29,4.15,4.41,,,,,,,,
2018/4/13,237.35,237.35,235.42,235.9,"19,946","4,885,963",-0.2041,0.0769,"25,930,380","6,339,977",244,244.5,-0.2043,19.318,4.202,"5,549",18.48,18.37,4.17,4.43,,,,,,,,
2018/4/12,239.76,239.76,235.42,236.38,"20,476","5,028,226",-1.2097,0.079,"25,930,380","6,352,943",244.5,245,-1.2171,19.375,4.952,"6,898",18.52,18.4,4.17,4.44,,,,,,,,
2018/4/11,237.83,239.76,237.83,239.28,"21,777","5,391,978",1.0183,0.084,"25,930,380","6,430,734",247.5,248,1.0132,19.58,4.522,"8,813",18.75,18.63,4.22,4.49,,,,,,,,
2018/4/10,235.9,240.24,234.94,236.87,"25,268","6,231,896",0.2041,0.0974,"25,930,380","6,365,908",245.5,246.5,0.2039,19.465,4.613,"11,912",18.56,18.44,4.18,4.45,,,,,,,,
2018/4/9,239.28,239.28,234.94,236.38,"35,465","8,716,801",0.4098,0.1368,"25,930,380","6,352,943",245,246,0.409,19.486,7.036,"12,437",18.52,18.4,4.17,4.44,,,,,,,,
2018/4/3,234.45,235.9,233.49,235.42,"35,813","8,710,200",-1.0142,0.1381,"25,930,380","6,327,012",243.5,244,-1.0194,19.54,8.116,"13,270",18.44,18.33,4.16,4.42,,,,,,,,
2018/4/2,239.76,240.24,236.38,237.83,"19,029","4,702,581",-0.404,0.0734,"25,930,380","6,391,838",246,246.5,-0.4049,19.62,4.951,"6,951",18.63,18.52,4.2,4.47,,,,,,,,
2018/3/31,238.8,240.24,237.83,238.8,"3,603","893,664",0.6098,0.0139,"25,930,380","6,417,769",247,247.5,0.6079,19.653,1.23,"2,409",18.71,18.59,4.22,4.49,,,,,,,,
2018/3/30,238.8,240.73,237.35,237.35,"16,996","4,212,690",0.8197,0.0655,"25,930,380","6,378,873",246,246.5,0.8163,19.558,3.982,"7,578",18.59,18.48,4.19,4.46,,,,,,,,
2018/3/29,234.45,238.31,233.97,235.42,"36,427","8,888,435",-0.4082,0.1405,"25,930,380","6,327,012",244,244.5,-0.409,19.507,8.348,"12,832",18.44,18.33,4.16,4.42,,,,,,,,
2018/3/28,238.8,239.28,235.42,236.38,"29,924","7,349,468",-2.3904,0.1154,"25,930,380","6,352,943",244.5,245,-2.4195,19.551,7.059,"13,041",18.52,18.4,4.17,4.44,,,,,,,,
2018/3/27,239.28,242.17,238.31,242.17,"31,100","7,732,298",3.0801,0.1199,"25,930,380","6,508,525",250.5,251,3.0336,19.81,6.485,"11,698",18.97,18.86,4.28,4.55,,,,,,,,
2018/3/26,233.01,235.9,233.01,234.94,"39,487","9,582,954",-0.6122,0.1523,"25,930,380","6,314,047",243,243.5,-0.6141,19.477,8.936,"11,404",18.41,18.29,4.15,4.41,,,,,,,,
2018/3/23,236.38,238.31,235.42,236.38,"52,974","12,994,667",-2.5845,0.2043,"25,930,380","6,352,943",244.5,245,-2.6185,19.627,9.907,"20,513",18.52,18.4,4.17,4.44,,,,,,,,
2018/3/22,245.55,245.55,240.73,242.66,"27,000","6,797,045",-0.396,0.1041,"25,930,380","6,521,490",251,251.5,-0.3968,19.814,5.067,"10,475",19.01,18.89,4.28,4.56,,,,,,,,
2018/3/21,246.03,246.03,242.17,243.62,"32,977","8,325,162",-0.1976,0.1272,"25,930,380","6,547,420",252,252.5,-0.1978,19.883,6.728,"11,575",19.09,18.97,4.3,4.58,,,,,,,,
2018/3/20,244.1,245.07,242.66,244.1,"22,335","5,640,426",-0.7843,0.0861,"25,930,380","6,560,386",252.5,253,-0.7874,19.923,5.426,"9,334",19.12,19.01,4.31,4.59,,,,,,,,
2018/3/19,243.62,246.52,242.17,246.03,"22,440","5,679,567",0,0.0865,"25,930,380","6,612,246",254.5,255,0,20.015,5.485,"9,888",19.27,19.16,4.34,4.62,,,,,,,,
2018/3/16,244.1,247,240.73,246.03,"62,989","15,930,805",0,0.2429,"25,930,380","6,612,246",254.5,255,0,20.05,9.942,"18,058",19.27,19.16,4.34,4.62,,,,,,,,
2018/3/15,248.93,248.93,246.03,246.03,"19,396","4,965,546",-0.7782,0.0748,"25,930,380","6,612,246",255,255.5,-0.7813,20.067,4.817,"5,945",19.27,19.16,4.34,4.62,,,,,,,,
2018/3/14,247.48,248.45,246.52,247.96,"24,254","6,220,805",-0.7722,0.0935,"25,930,380","6,664,107",256.5,257,-0.7752,20.189,5.605,"8,518",19.43,19.31,4.38,4.66,,,,,,,,
2018/3/13,246.52,249.89,246.03,249.89,"34,264","8,816,553",1.9685,0.1321,"25,930,380","6,715,968",258.5,259,1.9494,20.242,7.215,"11,700",19.58,19.46,4.41,4.69,,,,,,,,
2018/3/12,243.14,246.03,242.66,245.07,"25,100","6,370,529",1.3972,0.0968,"25,930,380","6,586,316",254,254.5,1.3875,20.02,4.949,"10,550",19.2,19.08,4.33,4.6,,,,,,,,
2018/3/9,241.21,242.17,239.76,241.69,"22,887","5,723,277",0.4008,0.0883,"25,930,380","6,495,560",250.5,251,0.4,19.993,4.937,"7,050",18.93,18.82,4.27,4.54,,,,,,,,
2018/3/8,240.73,242.66,240.24,240.73,"20,645","5,172,732",1.0121,0.0796,"25,930,380","6,469,629",249.5,250,1.0071,19.99,4.649,"8,817",18.86,18.74,4.25,4.52,,,,,,,,
2018/3/7,239.28,239.76,237.35,238.31,"30,391","7,525,601",-1.2,0.1172,"25,930,380","6,404,803",246.5,247,-1.2073,19.933,6.752,"10,521",18.67,18.56,4.21,4.48,,,,,,,,
2018/3/6,236.87,241.21,236.87,241.21,"36,945","9,155,812",3.5197,0.1425,"25,930,380","6,482,595",249.5,250,3.4591,20.102,8.961,"13,977",18.9,18.78,4.26,4.53,,,,,,,,
2018/3/5,233.97,234.45,232.04,233.01,"27,337","6,607,367",0.625,0.1054,"25,930,380","6,262,186",241.5,242,0.6231,19.676,6.383,"9,321",18.25,18.14,4.11,4.38,,,,,,,,
2018/3/2,231.56,232.53,230.11,231.56,"35,289","8,453,712",-1.2346,0.1361,"25,930,380","6,223,291",239.5,240,-1.2423,19.454,8.36,"10,440",18.14,18.03,4.09,4.35,,,,,,,,
2018/3/1,235.42,236.38,233.49,234.45,"43,847","10,669,194",-1.2195,0.1691,"25,930,380","6,301,082",243,243.5,-1.227,19.539,8.956,"11,589",18.37,18.25,4.14,4.4,,,,,,,,
2018/2/27,241.69,241.69,237.35,237.35,"44,699","11,061,945",-0.2028,0.1724,"25,930,380","6,378,873",246,246.5,-0.203,19.747,8.825,"10,908",18.59,18.48,4.19,4.46,,,,,,,,
2018/2/26,238.31,238.8,236.38,237.83,"36,165","8,910,352",0.6122,0.1395,"25,930,380","6,391,838",246.5,247,0.6104,19.749,8.019,"12,565",18.63,18.52,4.2,4.47,,,,,,,,
2018/2/23,232.53,236.38,232.53,236.38,"26,985","6,578,657",2.2965,0.1041,"25,930,380","6,352,943",244.5,245,2.2705,19.705,5.625,"10,178",18.52,18.4,4.17,4.44,,,,,,,,
2018/2/22,235.42,235.42,230.6,231.08,"45,492","10,977,665",-1.2371,0.1754,"25,930,380","6,210,326",239.5,240,-1.2448,19.501,9.345,"10,071",18.1,17.99,4.08,4.34,,,,,,,,
2018/2/21,235.9,235.9,233.49,233.97,"76,396","18,582,475",2.537,0.2946,"25,930,380","6,288,117",242.5,243,2.5054,19.65,13.101,"21,512",18.33,18.22,4.13,4.4,,,,,,,,
2018/2/12,227.22,229.15,226.74,228.18,"42,917","10,113,012",1.7204,0.1655,"25,930,380","6,132,534",236,236.5,1.7058,19.703,10.254,"10,851",17.82,17.77,4.29,4.29,,,,,,,,
2018/2/9,221.91,224.81,220.46,224.32,"65,939","15,227,192",-2.5157,0.2543,"25,930,380","6,028,813",232,232.5,-2.5479,19.462,11.936,"19,749",17.52,17.47,4.21,4.21,,,,,,,,
2018/2/8,231.08,233.49,229.63,230.11,"31,192","7,468,970",-0.625,0.1203,"25,930,380","6,184,395",238.5,239,-0.627,19.666,7.442,"10,274",17.97,17.92,4.32,4.32,,,,,,,,
2018/2/7,236.38,236.87,231.08,231.56,"82,299","19,903,032",0.4184,0.3174,"25,930,380","6,223,291",240,240.5,0.4175,19.747,12.888,"22,962",18.09,18.03,4.35,4.35,,,,,,,,
2018/2/6,233.97,234.94,225.77,230.6,"104,448","24,944,565",-5.5336,0.4028,"25,930,380","6,197,360",238.5,239,-5.6926,19.943,11.701,"35,455",18.01,17.95,4.33,4.33,,,,,,,,
2018/2/5,242.17,245.55,241.69,244.1,"46,554","11,742,299",-2.5048,0.1795,"25,930,380","6,560,386",253,253.5,-2.5367,20.066,10.099,"16,909",19.07,19.01,4.58,4.59,,,,,,,,
2018/2/2,249.89,250.86,246.03,250.37,"25,707","6,633,344",0,0.0991,"25,930,380","6,728,933",259,259.5,0,20.252,6.045,"11,404",19.56,19.49,4.7,4.7,,,,,,,,
2018/2/1,248.45,251.82,247.96,250.37,"30,900","8,022,694",1.7647,0.1192,"25,930,380","6,728,933",259.5,260,1.7493,20.19,7.19,"13,598",19.56,19.49,4.7,4.7,,,,,,,,
2018/1/31,244.1,248.45,243.14,246.03,"45,807","11,670,582",0.7905,0.1767,"25,930,380","6,612,246",255,255.5,0.7874,19.948,9.511,"13,553",19.22,19.16,4.62,4.62,,,,,,,,
2018/1/30,247,248.45,243.62,244.1,"37,410","9,523,980",-2.1277,0.1443,"25,930,380","6,560,386",253,253.5,-2.1506,19.839,7.719,"12,987",19.07,19.01,4.58,4.59,,,,,,,,
2018/1/29,249.89,252.3,246.03,249.41,"31,306","8,067,780",1.3725,0.1207,"25,930,380","6,703,003",258,258.5,1.3632,20.009,6.756,"12,211",19.48,19.42,4.68,4.69,,,,,,,,
2018/1/26,247.48,248.45,244.59,246.03,"43,514","11,101,977",-1.1628,0.1678,"25,930,380","6,612,246",255,255.5,-1.1696,19.87,8.794,"12,821",19.22,19.16,4.62,4.62,,,,,,,,
2018/1/25,248.93,254.72,247.48,248.93,"46,214","11,981,089",0,0.1782,"25,930,380","6,690,038",257.5,258,0,20.07,8.182,"15,826",19.44,19.38,4.68,4.68,,,,,,,,
2018/1/24,253.75,253.75,247.48,248.93,"42,600","11,022,372",-3.0075,0.1643,"25,930,380","6,690,038",257.5,258,-3.0537,20.095,8.334,"17,287",19.44,19.38,4.68,4.68,,,,,,,,
2018/1/23,253.27,256.65,253.27,256.65,"34,606","9,155,080",1.7208,0.1335,"25,930,380","6,897,481",265.5,266,1.7062,20.532,6.134,"13,993",20.05,19.98,4.82,4.82,,,,,,,,
2018/1/22,248.45,252.79,247.96,252.3,"45,907","11,934,882",2.3483,0.177,"25,930,380","6,780,794",261,261.5,2.3212,20.224,8.624,"13,558",19.71,19.64,4.74,4.74,,,,,,,,
2018/1/19,244.59,246.52,242.66,246.52,"55,061","13,975,174",2.8169,0.2123,"25,930,380","6,625,212",255,255.5,2.778,19.902,11.208,"18,801",19.25,19.19,4.63,4.63,,,,,,,,
2018/1/18,236.38,241.21,236.38,239.76,"50,119","12,406,562",2.686,0.1933,"25,930,380","6,443,699",248.5,249,2.6505,19.495,9.085,"19,482",18.73,18.67,4.5,4.5,,,,,,,,
2018/1/17,232.04,234.45,230.6,233.49,"38,118","9,207,582",0.6237,0.147,"25,930,380","6,275,151",241.5,242,0.6218,19.1,7.014,"12,593",18.24,18.18,4.39,4.39,,,,,,,,
2018/1/16,231.56,232.04,229.63,232.04,"23,407","5,609,009",0.2083,0.0903,"25,930,380","6,236,256",240,240.5,0.2081,19.014,4.572,"8,156",18.12,18.07,4.36,4.36,,,,,,,,
2018/1/15,231.56,231.56,229.63,231.56,"28,576","6,832,851",1.2658,0.1102,"25,930,380","6,223,291",239.5,240,1.2579,19.026,6.023,"9,756",18.09,18.03,4.35,4.35,,,,,,,,
2018/1/12,226.25,229.63,225.29,228.67,"23,141","5,463,302",0.8511,0.0892,"25,930,380","6,145,500",236.5,237,0.8475,18.913,4.599,"7,905",17.86,17.8,4.3,4.3,,,,,,,,
2018/1/11,226.74,227.7,224.32,226.74,"32,070","7,500,674",-0.6342,0.1237,"25,930,380","6,093,639",234.5,235,-0.6363,18.881,6.57,"9,199",17.71,17.65,4.26,4.26,,,,,,,,
2018/1/10,233.01,233.49,227.7,228.18,"25,716","6,118,683",-2.2727,0.0992,"25,930,380","6,132,534",236.5,237,-2.299,18.964,4.795,"10,534",17.82,17.77,4.29,4.29,,,,,,,,
2018/1/9,233.49,233.49,231.08,233.49,"19,043","4,588,314",0,0.0734,"25,930,380","6,275,151",241.5,242,0,19.256,3.747,"7,124",18.24,18.18,4.39,4.39,,,,,,,,
2018/1/8,233.49,233.97,232.04,233.49,"21,846","5,281,823",0.8333,0.0842,"25,930,380","6,275,151",241.5,242,0.8299,19.255,4.057,"10,251",18.24,18.18,4.39,4.39,,,,,,,,
2018/1/5,231.56,231.56,229.63,231.56,"23,721","5,681,934",0.2088,0.0915,"25,930,380","6,223,291",239.5,240,0.2086,19.159,4.25,"8,659",18.09,18.03,4.35,4.35,,,,,,,,
2018/1/4,231.56,231.56,228.18,231.08,"29,179","6,963,192",1.0549,0.1125,"25,930,380","6,210,326",239,239.5,1.0493,19.174,5.19,"10,953",18.05,17.99,4.34,4.34,,,,,,,,
2018/1/3,227.7,229.63,227.22,228.67,"31,706","7,504,382",1.9355,0.1223,"25,930,380","6,145,500",236.5,237,1.917,19.057,5.747,"13,633",17.86,17.8,4.3,4.3,,,,,,,,
2018/1/2,223.36,224.32,222.88,224.32,"18,055","4,188,555",1.3072,0.0696,"25,930,380","6,028,813",232,232.5,1.2987,18.854,4.379,"9,954",17.52,17.47,4.21,4.21,,,,,,,,
2017/12/29,219.5,221.91,218.54,221.43,"25,610","5,861,624",1.5487,0.0988,"25,930,380","5,951,022",229,229.5,1.5368,18.738,5.753,"8,325",17.29,17.24,4.16,4.16,,,,,,,,
2017/12/28,218.54,219.98,217.09,218.05,"24,370","5,521,736",0.4444,0.094,"25,930,380","5,860,265",226,226.5,0.4435,18.582,5.498,"7,413",17.03,16.98,4.1,4.1,,,,,,,,
2017/12/27,217.09,218.05,217.09,217.09,"12,515","2,820,168",-0.4425,0.0483,"25,930,380","5,834,335",225,225.5,-0.4435,18.643,3.31,"5,717",16.96,16.9,4.08,4.08,,,,,,,,
2017/12/26,220.95,220.95,217.09,218.05,"13,755","3,118,538",-1.0941,0.053,"25,930,380","5,860,265",225.5,226,-1.1001,18.842,3.454,"3,550",17.03,16.98,4.1,4.1,,,,,,,,
2017/12/25,219.98,221.43,218.54,220.46,"4,579","1,045,118",0.4396,0.0177,"25,930,380","5,925,091",228,228.5,0.4386,18.869,1.396,"2,288",17.22,17.17,4.14,4.14,,,,,,,,
2017/12/22,217.09,219.5,216.12,219.5,"19,106","4,315,809",1.1111,0.0737,"25,930,380","5,899,161",227.5,228,1.105,18.764,5.026,"6,146",17.14,17.09,4.12,4.12,,,,,,,,
2017/12/21,218.54,219.02,216.61,217.09,"20,826","4,696,105",0.2227,0.0803,"25,930,380","5,834,335",225,225.5,0.2225,18.643,5.183,"5,893",16.96,16.9,4.08,4.08,,,,,,,,
2017/12/20,217.09,217.57,215.64,216.61,"34,514","7,748,610",-0.2222,0.1331,"25,930,380","5,821,370",224.5,225,-0.2225,18.574,8.044,"10,336",16.92,16.86,4.07,4.07,,,,,,,,
2017/12/19,218.54,220.46,216.12,217.09,"25,899","5,844,605",-0.8811,0.0999,"25,930,380","5,834,335",225,225.5,-0.885,18.682,5.528,"7,609",16.96,16.9,4.08,4.08,,,,,,,,
2017/12/18,219.02,219.98,218.54,219.02,"15,702","3,565,805",-1.3043,0.0606,"25,930,380","5,886,196",227,227.5,-1.3129,18.778,3.998,"5,961",17.11,17.05,4.11,4.11,,,,,,,,
2017/12/15,220.46,221.91,218.54,221.91,"42,725","9,781,791",-0.2169,0.1648,"25,930,380","5,963,987",229.5,230,-0.2172,19.053,8.223,"7,602",17.33,17.28,4.17,4.17,,,,,,,,
2017/12/14,219.98,222.39,219.5,222.39,"17,263","3,956,456",1.5419,0.0666,"25,930,380","5,976,952",230,230.5,1.5301,19.01,3.727,"6,689",17.37,17.32,4.18,4.18,,,,,,,,
2017/12/13,219.5,219.98,218.54,219.02,"19,619","4,454,578",-0.2198,0.0757,"25,930,380","5,886,196",227,227.5,-0.22,18.842,4.601,"6,108",17.11,17.05,4.11,4.11,,,,,,,,
2017/12/12,221.43,221.43,217.09,219.5,"28,188","6,399,536",0,0.1087,"25,930,380","5,899,161",227,227.5,0,18.934,6.353,"6,210",17.14,17.09,4.12,4.12,,,,,,,,
2017/12/11,220.46,220.95,219.02,219.5,"20,649","4,706,571",0.2203,0.0796,"25,930,380","5,899,161",227.5,228,0.22,18.88,4.289,"6,384",17.14,17.09,4.12,4.12,,,,,,,,
2017/12/8,222.88,222.88,216.61,219.02,"38,183","8,678,808",0.2208,0.1473,"25,930,380","5,886,196",226.5,227,0.2205,18.973,7.084,"9,485",17.11,17.05,4.11,4.11,,,,,,,,
2017/12/7,218.54,218.54,214.68,218.54,"41,619","9,349,711",-0.2203,0.1605,"25,930,380","5,873,231",226,226.5,-0.2205,19.012,7.344,"13,336",17.07,17.02,4.1,4.11,,,,,,,,
2017/12/6,219.98,221.43,218.54,219.02,"34,031","7,752,572",-1.0893,0.1312,"25,930,380","5,886,196",226.5,227,-1.0953,18.984,5.193,"10,749",17.11,17.05,4.11,4.11,,,,,,,,
2017/12/5,222.88,222.88,220.46,221.43,"30,189","6,938,661",-1.9231,0.1164,"25,930,380","5,951,022",229,229.5,-1.9418,18.881,5.063,"11,202",17.29,17.24,4.16,4.16,,,,,,,,
2017/12/4,224.32,226.25,222.88,225.77,"22,939","5,347,622",1.2987,0.0885,"25,930,380","6,067,708",233.5,234,1.2903,19.1,4.416,"7,763",17.63,17.58,4.24,4.24,,,,,,,,
2017/12/1,220.46,225.29,219.5,222.88,"38,356","8,830,392",2.2124,0.1479,"25,930,380","5,989,917",231,231.5,2.1883,18.946,5.256,"17,632",17.41,17.35,4.19,4.19,,,,,,,,
2017/11/30,218.54,222.39,218.05,218.05,"112,262","25,539,072",-3.6247,0.4329,"25,930,380","5,860,265",226,226.5,-3.6921,18.65,11.564,"21,352",17.03,16.65,4.1,4.37,,,,,,,,
2017/11/29,226.74,227.7,226.25,226.25,"26,535","6,234,161",0.2137,0.1023,"25,930,380","6,080,674",234.5,235,0.2134,19.076,5.027,"6,976",17.67,17.27,4.25,4.53,,,,,,,,
2017/11/28,226.25,226.74,224.81,225.77,"47,834","11,198,457",-1.2658,0.1845,"25,930,380","6,067,708",234,234.5,-1.2739,19.047,8.595,"15,262",17.63,17.24,4.24,4.52,,,,,,,,
2017/11/27,231.56,231.56,228.67,228.67,"32,247","7,696,717",-2.8689,0.1244,"25,930,380","6,145,500",237,237.5,-2.9108,19.213,6.376,"14,743",17.86,17.46,4.3,4.58,,,,,,,,
2017/11/24,233.49,235.9,233.01,235.42,"11,404","2,777,319",0.6186,0.044,"25,930,380","6,327,012",243.5,244,0.6167,19.594,2.483,"3,910",18.39,17.97,4.42,4.72,,,,,,,,
2017/11/23,233.49,234.94,233.01,233.97,"9,562","2,320,934",0.2066,0.0369,"25,930,380","6,288,117",242.5,243,0.2064,19.472,1.992,"4,253",18.27,17.86,4.39,4.69,,,,,,,,
2017/11/22,235.9,235.9,233.49,233.49,"27,251","6,631,376",-0.4115,0.1051,"25,930,380","6,275,151",242,242.5,-0.4124,19.489,4.052,"7,655",18.24,17.83,4.39,4.68,,,,,,,,
2017/11/21,231.56,234.45,231.08,234.45,"22,878","5,529,803",1.8868,0.0882,"25,930,380","6,301,082",242.5,243,1.8692,19.649,4.534,"7,942",18.31,17.9,4.4,4.7,,,,,,,,
2017/11/20,232.53,233.01,229.63,230.11,"19,811","4,744,311",-1.2422,0.0764,"25,930,380","6,184,395",238.5,239,-1.25,19.494,4.857,"5,935",17.97,17.57,4.32,4.61,,,,,,,,
2017/11/17,232.04,233.97,232.04,233.01,"18,741","4,528,440",1.4706,0.0723,"25,930,380","6,262,186",241,241.5,1.4599,19.672,3.898,"5,647",18.2,17.79,4.38,4.67,,,,,,,,
2017/11/16,229.63,231.56,229.15,229.63,"17,274","4,118,927",0.2105,0.0666,"25,930,380","6,171,430",238,238.5,0.2103,19.525,4.268,"5,683",17.94,17.53,4.31,4.6,,,,,,,,
2017/11/15,230.6,231.08,227.7,229.15,"29,720","7,063,591",-1.0417,0.1146,"25,930,380","6,158,465",237,237.5,-1.0471,19.483,5.94,"9,224",17.9,17.49,4.3,4.59,,,,,,,,
2017/11/14,232.53,232.53,230.6,231.56,"17,229","4,132,433",0.2088,0.0664,"25,930,380","6,223,291",240,240.5,0.2086,19.584,3.541,"4,130",18.09,17.68,4.35,4.64,,,,,,,,
2017/11/13,231.56,233.01,231.08,231.08,"12,087","2,904,559",-0.4158,0.0466,"25,930,380","6,210,326",239.5,240,-0.4167,19.55,2.4,"4,288",17.7,17.64,4.63,4.63,,,,,,,,
2017/11/10,231.56,233.49,231.08,232.04,"15,061","3,629,826",-0.2075,0.0581,"25,930,380","6,236,256",240.5,241,-0.2077,19.542,3.262,"4,465",17.78,17.71,4.65,4.65,,,,,,,,
2017/11/9,232.04,234.45,231.56,232.53,"21,366","5,151,628",-0.6186,0.0824,"25,930,380","6,249,221",240.5,241,-0.6205,19.563,3.704,"6,339",17.81,17.75,4.66,4.66,,,,,,,,
2017/11/8,234.45,234.94,233.49,233.97,"14,579","3,536,455",-0.6148,0.0562,"25,930,380","6,288,117",242,242.5,-0.6167,19.547,3.161,"4,610",17.92,17.86,4.69,4.69,,,,,,,,
2017/11/7,233.49,235.42,233.01,235.42,"21,689","5,266,500",1.8789,0.0836,"25,930,380","6,327,012",243.5,244,1.8615,19.63,4.539,"6,729",18.03,17.97,4.72,4.72,,,,,,,,
2017/11/6,234.94,235.42,230.6,231.08,"21,029","5,063,670",0.2092,0.0811,"25,930,380","6,210,326",239.5,240,0.209,19.369,4.771,"6,601",17.7,17.64,4.63,4.63,,,,,,,,
2017/11/3,232.04,232.53,230.11,230.6,"18,327","4,386,122",-0.8299,0.0707,"25,930,380","6,197,360",239,239.5,-0.8333,19.304,4.037,"5,621",17.66,17.6,4.62,4.62,,,,,,,,
2017/11/2,233.49,233.97,232.04,232.53,"16,309","3,940,181",-0.6186,0.0629,"25,930,380","6,249,221",241,241.5,-0.6205,19.494,3.508,"5,912",17.81,17.75,4.66,4.66,,,,,,,,
2017/11/1,234.94,236.38,233.01,233.97,"20,465","4,975,624",-0.2058,0.0789,"25,930,380","6,288,117",242,242.5,-0.206,19.582,4.168,"6,464",17.92,17.86,4.69,4.69,,,,,,,,
2017/10/31,234.94,236.38,233.01,234.45,"22,582","5,497,062",0,0.0871,"25,930,380","6,301,082",243,243.5,0,19.703,4.968,"8,176",17.96,17.9,4.7,4.7,,,,,,,,
2017/10/30,233.49,236.38,233.01,234.45,"30,241","7,358,619",1.6736,0.1166,"25,930,380","6,301,082",243,243.5,1.6598,19.775,6.528,"10,609",17.96,17.9,4.7,4.7,,,,,,,,
2017/10/27,229.15,231.56,229.15,230.6,"18,040","4,304,460",1.2712,0.0696,"25,930,380","6,197,360",238.5,239,1.2632,19.537,3.12,"5,715",17.66,17.6,4.62,4.62,,,,,,,,
2017/10/26,228.67,229.63,227.7,227.7,"12,959","3,069,618",-0.8403,0.05,"25,930,380","6,119,569",236,236.5,-0.8439,19.244,3.01,"4,947",17.44,17.38,4.56,4.56,,,,,,,,
2017/10/25,230.11,230.6,229.15,229.63,"17,205","4,099,505",0,0.0664,"25,930,380","6,171,430",238,238.5,0,19.376,3.656,"5,808",17.59,17.53,4.6,4.6,,,,,,,,
2017/10/24,231.56,231.56,229.63,229.63,"16,100","3,842,463",-0.4184,0.0621,"25,930,380","6,171,430",238,238.5,-0.4193,19.389,3.69,"6,034",17.59,17.53,4.6,4.6,,,,,,,,
2017/10/23,230.6,231.56,230.11,230.6,"15,959","3,820,927",0.6316,0.0615,"25,930,380","6,197,360",239,239.5,0.6296,19.486,3.877,"6,686",17.66,17.6,4.62,4.62,,,,,,,,
2017/10/20,229.63,231.08,229.15,229.15,"27,056","6,456,386",-0.6276,0.1043,"25,930,380","6,158,465",237.5,238,-0.6296,19.375,5.452,"7,206",17.55,17.49,4.59,4.59,,,,,,,,
2017/10/19,231.08,233.01,230.6,230.6,"23,481","5,636,769",0.6316,0.0906,"25,930,380","6,197,360",239,239.5,0.6296,19.441,5.163,"9,033",17.66,17.6,4.62,4.62,,,,,,,,
2017/10/18,231.08,231.08,228.67,229.15,"28,970","6,901,364",0.8493,0.1117,"25,930,380","6,158,465",237.5,238,0.8457,19.378,5.319,"10,330",17.55,17.49,4.59,4.59,,,,,,,,
2017/10/17,229.63,229.63,226.74,227.22,"17,652","4,171,891",-1.0504,0.0681,"25,930,380","6,106,604",235.5,236,-1.056,19.21,3.688,"6,336",17.41,17.35,4.55,4.55,,,,,,,,
2017/10/16,229.15,229.63,227.7,229.63,"20,673","4,906,963",0.2105,0.0797,"25,930,380","6,171,430",237.5,238,0.2103,19.328,4.192,"6,764",17.59,17.53,4.6,4.6,,,,,,,,
2017/10/13,229.15,229.15,226.25,229.15,"23,145","5,465,540",0,0.0893,"25,930,380","6,158,465",237,237.5,0,19.383,4.691,"10,507",17.55,17.49,4.59,4.59,,,,,,,,
2017/10/12,226.74,229.15,226.25,229.15,"44,176","10,450,920",1.9313,0.1704,"25,930,380","6,158,465",237,237.5,1.9129,19.405,8.849,"16,490",17.55,17.49,4.59,4.59,,,,,,,,
2017/10/11,218.54,225.29,218.54,224.81,"67,649","15,633,206",3.7862,0.2609,"25,930,380","6,041,778",233,233.5,3.7163,19.162,10.893,"20,879",17.22,17.16,4.5,4.5,,,,,,,,
2017/10/6,217.09,217.57,215.64,216.61,"16,040","3,604,683",0,0.0619,"25,930,380","5,821,370",224,224.5,0,18.653,3.574,"7,612",16.59,16.54,4.34,4.34,,,,,,,,
2017/10/5,214.19,217.57,214.19,216.61,"25,397","5,691,251",0.8989,0.0979,"25,930,380","5,821,370",224,224.5,0.8949,18.679,5.829,"8,601",16.59,16.54,4.34,4.34,,,,,,,,
2017/10/3,211.3,215.16,211.3,214.68,"38,330","8,497,244",0.907,0.1478,"25,930,380","5,769,509",222,222.5,0.9029,18.6,8.346,"12,703",16.44,16.39,4.3,4.3,,,,,,,,
2017/10/2,211.78,212.75,210.82,212.75,"28,360","6,233,064",1.8476,0.1094,"25,930,380","5,717,648",220,220.5,1.8307,18.442,6.554,"10,605",16.3,16.24,4.26,4.26,,,,,,,,
2017/9/30,210.33,210.82,208.89,208.89,"4,254","924,823",0,0.0164,"25,930,380","5,613,927",216.5,217,0,18.353,1.914,"2,446",16,15.67,4.18,3.86,,,,,,,,
2017/9/29,208.4,209.85,207.92,208.89,"23,954","5,184,362",1.1682,0.0924,"25,930,380","5,613,927",216.5,217,1.1615,18.449,5.629,"7,507",16,15.67,4.18,3.86,,,,,,,,
2017/9/28,207.44,208.4,205.99,206.47,"31,616","6,788,534",-0.4651,0.1219,"25,930,380","5,549,101",214,214.5,-0.4662,18.293,6.974,"7,749",15.82,15.49,4.14,3.81,,,,,,,,
2017/9/27,209.85,209.85,207.44,207.44,"24,794","5,353,580",0.4673,0.0956,"25,930,380","5,575,031",215,215.5,0.4662,18.324,5.281,"7,326",15.89,15.56,4.16,3.83,,,,,,,,
2017/9/26,209.85,210.33,206.47,206.47,"25,003","5,392,244",-1.3825,0.0964,"25,930,380","5,549,101",214,214.5,-1.3921,18.362,4.859,"8,768",15.82,15.49,4.14,3.81,,,,,,,,
2017/9/25,209.85,210.82,209.37,209.37,"17,458","3,797,761",-0.6865,0.0673,"25,930,380","5,626,892",217,217.5,-0.6889,18.479,3.145,"6,250",16.04,15.71,4.19,3.87,,,,,,,,
2017/9/22,213.71,214.19,210.82,210.82,"22,456","4,930,530",-1.1312,0.0866,"25,930,380","5,665,788",218.5,219,-1.1377,18.402,4.446,"7,431",16.15,15.82,4.22,3.89,,,,,,,,
2017/9/21,213.23,215.16,212.26,213.23,"18,645","4,125,047",-0.2257,0.0719,"25,930,380","5,730,613",221,221.5,-0.226,18.376,3.697,"6,604",16.33,16,4.27,3.94,,,,,,,,
2017/9/20,213.23,214.19,212.26,213.71,"23,434","5,179,958",0,0.0904,"25,930,380","5,743,579",221,221.5,0,18.521,4.245,"9,347",16.37,16.04,4.28,3.95,,,,,,,,
2017/9/19,213.71,213.71,212.26,213.71,"26,255","5,742,129",0.9112,0.1013,"25,930,380","5,743,579",221,221.5,0.907,18.421,4.497,"11,072",16.37,16.04,4.28,3.95,,,,,,,,
2017/9/18,211.3,212.26,210.33,211.78,"17,812","3,905,801",0.4577,0.0687,"25,930,380","5,691,718",219.5,220,0.4566,18.153,3.158,"6,714",16.22,15.89,4.24,3.91,,,,,,,,
2017/9/15,210.82,211.3,209.37,210.82,"48,901","10,668,230",0,0.1886,"25,930,380","5,665,788",218,218.5,0,18.158,7.286,"5,253",16.15,15.82,4.22,3.89,,,,,,,,
2017/9/14,210.82,211.3,209.85,210.82,"21,508","4,701,852",0.2294,0.0829,"25,930,380","5,665,788",218,218.5,0.2291,18.205,4.132,"6,314",16.15,15.82,4.22,3.89,,,,,,,,
2017/9/13,209.85,211.3,209.85,210.33,"18,336","3,998,984",-0.4566,0.0707,"25,930,380","5,652,822",218,218.5,-0.4577,18.191,3.308,"4,598",16.11,15.78,4.21,3.88,,,,,,,,
2017/9/12,211.3,211.78,209.85,211.3,"24,862","5,437,521",0.9217,0.0959,"25,930,380","5,678,753",218.5,219,0.9174,18.141,4.741,"5,992",16.19,15.85,4.23,3.9,,,,,,,,
2017/9/11,211.3,211.78,208.89,209.37,"19,387","4,215,723",-0.4587,0.0748,"25,930,380","5,626,892",216.5,217,-0.4598,18.039,3.489,"5,305",16.04,15.71,4.19,3.87,,,,,,,,
2017/9/8,209.37,210.33,208.89,210.33,"25,512","5,549,520",0.4608,0.0984,"25,930,380","5,652,822",217.5,218,0.4598,18.057,5.045,"7,969",16.11,15.78,4.21,3.88,,,,,,,,
2017/9/7,210.33,210.82,208.4,209.37,"19,198","4,170,321",0,0.074,"25,930,380","5,626,892",216.5,217,0,18.108,3.465,"6,586",16.04,15.71,4.19,3.87,,,,,,,,
2017/9/6,208.89,210.33,208.4,209.37,"28,148","6,117,444",-0.4587,0.1086,"25,930,380","5,626,892",216.5,217,-0.4598,18.07,5.247,"6,999",16.04,15.71,4.19,3.87,,,,,,,,
2017/9/5,210.33,210.33,208.89,210.33,"34,514","7,503,488",0.2299,0.1331,"25,930,380","5,652,822",217.5,218,0.2296,18.034,6.932,"7,065",16.11,15.78,4.21,3.88,,,,,,,,
2017/9/4,208.89,210.33,207.92,209.85,"15,053","3,273,164",0.4619,0.0581,"25,930,380","5,639,857",217.5,218,0.4608,18.075,3.419,"8,635",16.08,15.75,4.2,3.87,,,,,,,,
2017/9/1,207.44,209.85,207.44,208.89,"17,805","3,851,834",0,0.0687,"25,930,380","5,613,927",216.5,217,0,17.956,3.718,"6,956",16,15.67,4.18,3.86,,,,,,,,
2017/8/31,209.85,210.33,207.92,208.89,"26,945","5,837,056",-0.4598,0.1039,"25,930,380","5,613,927",216,216.5,-0.4608,17.971,5.067,"6,585",16,15.67,4.18,3.86,,,,,,,,
2017/8/30,208.4,210.33,208.4,209.85,"19,674","4,274,683",0.6944,0.0759,"25,930,380","5,639,857",217,217.5,0.692,18.082,4.125,"6,732",16.08,15.75,4.2,3.87,,,,,,,,
2017/8/29,208.4,208.4,207.44,208.4,"16,561","3,569,385",0,0.0639,"25,930,380","5,600,962",215.5,216,0,18.082,3.748,"5,587",15.96,15.64,4.17,3.85,,,,,,,,
2017/8/28,207.44,208.89,207.44,208.4,"16,512","3,564,102",-0.6897,0.0637,"25,930,380","5,600,962",216,216.5,-0.692,18.027,3.498,"5,673",15.96,15.64,4.17,3.85,,,,,,,,
2017/8/25,209.85,209.85,208.4,209.85,"10,975","2,384,766",0.2304,0.0423,"25,930,380","5,639,857",217,217.5,0.2301,18.169,2.157,"5,546",16.08,15.75,4.2,3.87,,,,,,,,
2017/8/24,208.4,209.37,207.92,209.37,"15,426","3,341,510",0.6961,0.0595,"25,930,380","5,626,892",216.5,217,0.6936,18.173,3.079,"6,953",16.04,15.71,4.19,3.87,,,,,,,,
2017/8/23,207.92,208.4,206.47,207.92,"11,757","2,531,926",0.4662,0.0453,"25,930,380","5,587,996",215,215.5,0.4651,18.174,2.346,"5,873",15.93,15.6,4.17,3.84,,,,,,,,
2017/8/22,205.99,206.96,205.51,206.96,"17,330","3,710,809",1.4184,0.0668,"25,930,380","5,562,066",214,214.5,1.4085,18.115,3.629,"7,908",15.85,15.53,4.15,3.82,,,,,,,,
2017/8/21,205.03,205.51,204.06,204.06,"13,847","2,934,064",-0.4706,0.0534,"25,930,380","5,484,275",211.5,212,-0.4717,17.974,3.7,"5,152",15.63,15.31,4.09,3.77,,,,,,,,
2017/8/18,204.55,205.51,203.58,205.03,"14,363","3,043,468",-0.7009,0.0554,"25,930,380","5,510,205",212,212.5,-0.7034,18.07,3.685,"3,999",15.71,15.38,4.11,3.79,,,,,,,,
2017/8/17,205.99,206.47,205.51,206.47,"8,353","1,785,167",0.4695,0.0322,"25,930,380","5,549,101",213.5,214,0.4684,18.114,1.952,"3,120",15.82,15.49,4.14,3.81,,,,,,,,
2017/8/16,206.96,206.96,203.58,205.51,"25,206","5,357,190",-0.4673,0.0972,"25,930,380","5,523,170",212.5,213,-0.4684,18.168,5.703,"8,610",15.74,15.42,4.12,3.79,,,,,,,,
2017/8/15,205.51,206.96,205.51,206.47,"14,385","3,073,117",1.4218,0.0555,"25,930,380","5,549,101",213.5,214,1.4118,18.217,3.529,"5,250",15.82,15.49,4.14,3.81,,,,,,,,
2017/8/14,205.99,206.47,202.62,203.58,"29,414","6,233,486",-0.7059,0.1134,"25,930,380","5,471,310",211,211.5,-0.7084,18.076,6.176,"7,719",15.59,15.28,4.08,3.76,,,,,,,,
2017/8/11,203.58,205.99,203.1,205.03,"41,592","8,803,564",-0.7009,0.1604,"25,930,380","5,510,205",212,212.5,-0.7034,18.021,7.868,"13,751",15.71,15.38,4.11,3.79,,,,,,,,
2017/8/10,207.92,207.92,205.03,206.47,"27,440","5,866,558",-0.2331,0.1058,"25,930,380","5,549,101",213.5,214,-0.2334,18.148,4.694,"8,227",15.82,15.49,4.14,3.81,,,,,,,,
2017/8/9,207.44,207.92,205.99,206.96,"28,129","6,035,247",-1.3793,0.1085,"25,930,380","5,562,066",214,214.5,-1.3889,17.946,5.675,"9,826",15.85,15.53,4.15,3.82,,,,,,,,
2017/8/8,209.85,211.3,208.4,209.85,"25,223","5,483,118",0.6944,0.0973,"25,930,380","5,639,857",217,217.5,0.692,18.028,4.31,"8,404",15.8,15.75,3.87,3.87,,,,,,,,
2017/8/7,205.99,208.89,205.99,208.4,"21,594","4,653,776",1.4085,0.0833,"25,930,380","5,600,962",215.5,216,1.3986,17.886,3.927,"7,115",15.69,15.64,3.85,3.85,,,,,,,,
2017/8/4,205.99,206.47,205.03,205.51,"22,187","4,735,259",-0.2342,0.0856,"25,930,380","5,523,170",213,213.5,-0.2345,17.726,4.449,"5,240",15.47,15.42,3.79,3.79,,,,,,,,
2017/8/3,205.51,206.47,205.03,205.99,"27,097","5,779,905",-1.1574,0.1045,"25,930,380","5,536,136",213.5,214,-1.1642,17.829,5.749,"7,041",15.5,15.46,3.8,3.8,,,,,,,,
2017/8/2,206.47,208.4,206.47,208.4,"30,528","6,574,998",1.8868,0.1177,"25,930,380","5,600,962",215.5,216,1.8692,17.954,5.731,"11,028",15.69,15.64,3.85,3.85,,,,,,,,
2017/8/1,205.03,206.47,204.55,204.55,"20,314","4,325,934",-1.1655,0.0783,"25,930,380","5,497,240",212,212.5,-1.1723,17.759,4.142,"7,318",15.4,15.35,3.78,3.78,,,,,,,,
2017/7/31,204.06,206.96,204.06,206.96,"20,363","4,352,541",0.7042,0.0785,"25,930,380","5,562,066",214,214.5,0.7018,17.993,4.827,"6,039",15.58,15.53,3.82,3.82,,,,,,,,
2017/7/28,205.51,206.47,205.03,205.51,"21,121","4,498,197",-1.1601,0.0815,"25,930,380","5,523,170",213,213.5,-1.1669,17.875,4.92,"7,997",15.47,15.42,3.79,3.79,,,,,,,,
2017/7/27,205.99,208.4,205.99,207.92,"23,045","4,959,471",1.1737,0.0889,"25,930,380","5,587,996",215.5,216,1.1669,17.939,4.903,"9,138",15.65,15.6,3.84,3.84,,,,,,,,
2017/7/26,207.44,207.44,205.03,205.51,"15,900","3,393,269",-0.4673,0.0613,"25,930,380","5,523,170",213,213.5,-0.4684,17.882,3.47,"5,219",15.47,15.42,3.79,3.79,,,,,,,,
2017/7/25,206.47,206.96,205.99,206.47,"13,853","2,965,264",-0.2331,0.0534,"25,930,380","5,549,101",214,214.5,-0.2334,17.892,3.452,"4,836",15.54,15.49,3.81,3.81,,,,,,,,
2017/7/24,205.99,206.96,205.51,206.96,"20,002","4,279,712",0.2336,0.0771,"25,930,380","5,562,066",214,214.5,0.2334,17.937,5.63,"6,805",15.58,15.53,3.82,3.82,,,,,,,,
2017/7/21,206.47,207.44,205.99,206.47,"15,422","3,302,914",-0.6961,0.0595,"25,930,380","5,549,101",214,214.5,-0.6985,17.939,4.175,"7,558",15.54,15.49,3.81,3.81,,,,,,,,
2017/7/20,207.44,207.92,206.47,207.92,"20,795","4,468,108",0.4662,0.0802,"25,930,380","5,587,996",215,215.5,0.4651,17.957,4.7,"8,261",15.65,15.6,3.84,3.84,,,,,,,,
2017/7/19,205.03,207.44,205.03,206.96,"20,661","4,428,023",0.2336,0.0797,"25,930,380","5,562,066",214,214.5,0.2334,17.862,4.046,"11,699",15.58,15.53,3.82,3.82,,,,,,,,
2017/7/18,205.51,206.47,204.55,206.47,"18,756","3,998,545",0.4695,0.0723,"25,930,380","5,549,101",213.5,214,0.4684,17.863,4.601,"8,905",15.54,15.49,3.81,3.81,,,,,,,,
2017/7/17,207.44,207.92,204.06,205.51,"21,400","4,566,620",0,0.0825,"25,930,380","5,523,170",213,213.5,0,17.82,5.186,"8,537",15.47,15.42,3.79,3.79,,,,,,,,
2017/7/14,205.51,206.96,204.55,205.51,"22,364","4,773,890",-0.6993,0.0862,"25,930,380","5,523,170",213,213.5,-0.7018,17.846,5.086,"9,330",15.47,15.42,3.79,3.79,,,,,,,,
2017/7/13,204.55,208.4,204.06,206.96,"50,136","10,735,533",1.9002,0.1933,"25,930,380","5,562,066",214,214.5,1.8824,17.945,9.927,"16,903",15.58,15.53,3.82,3.82,,,,,,,,
2017/7/12,203.58,205.03,203.1,203.1,"26,887","5,690,155",-0.7075,0.1037,"25,930,380","5,458,344",210.5,211,-0.7101,17.677,5.523,"9,582",15.29,15.24,3.75,3.75,,,,,,,,
2017/7/11,200.69,204.55,200.2,204.55,"34,593","7,275,696",2.9126,0.1334,"25,930,380","5,497,240",211.5,212,2.871,17.812,7.225,"11,217",15.4,15.35,3.78,3.78,,,,,,,,
2017/7/10,199.24,199.72,198.76,198.76,"13,326","2,749,724",0,0.0514,"25,930,380","5,341,658",206,206.5,0,17.519,3.589,"5,812",14.96,14.91,3.67,3.67,,,,,,,,
2017/7/7,199.72,200.2,198.27,198.76,"21,567","4,449,245",-0.7229,0.0832,"25,930,380","5,341,658",205.5,206,-0.7255,17.506,5.756,"8,234",14.96,14.91,3.67,3.67,,,,,,,,
2017/7/6,200.69,201.17,199.72,200.2,"15,260","3,166,474",-0.4796,0.0588,"25,930,380","5,380,553",207.5,208,-0.4808,17.513,3.977,"4,473",15.07,15.02,3.7,3.7,,,,,,,,
2017/7/5,199.72,201.17,199.24,201.17,"23,463","4,868,199",0.7246,0.0905,"25,930,380","5,406,484",208,208.5,0.722,17.535,6.222,"7,278",15.14,15.09,3.71,3.71,,,,,,,,
2017/7/4,200.69,201.17,199.72,199.72,"21,592","4,476,915",-0.9569,0.0833,"25,930,380","5,367,588",206.5,207,-0.9615,17.507,5.328,"8,990",15.03,14.99,3.69,3.69,,,,,,,,
2017/7/3,200.2,201.65,199.72,201.65,"21,066","4,382,736",0.2398,0.0812,"25,930,380","5,419,449",208.5,209,0.2395,17.568,5.594,"7,037",15.18,15.13,3.72,3.72,,,,,,,,
2017/6/30,199.24,201.17,199.24,201.17,"31,709","6,580,047",-0.7143,0.1223,"25,930,380","5,406,484",208,208.5,-0.7168,17.581,7.397,"9,805",15.14,15.09,3.71,3.71,,,,,,,,
2017/6/29,203.1,203.1,201.17,202.62,"27,049","5,678,566",0.7194,0.1043,"25,930,380","5,445,379",210,210.5,0.7168,17.666,6.138,"8,431",15.25,15.2,3.74,3.74,,,,,,,,
2017/6/28,202.13,202.62,200.69,201.17,"52,273","10,919,812",-1.4184,0.2016,"25,930,380","5,406,484",208.5,209,-1.4286,17.593,9.549,"15,953",15.14,15.09,3.71,3.71,,,,,,,,
2017/6/27,206.47,206.47,203.58,204.06,"44,504","9,437,315",-1.6279,0.1716,"25,930,380","5,484,275",211,211.5,-1.6413,17.641,8.895,"17,122",15.36,15.31,3.77,3.77,,,,,,,,
2017/6/26,204.55,207.44,204.55,207.44,"60,140","12,848,925",2.3041,0.2319,"25,930,380","5,575,031",214.5,215,2.278,17.93,10.541,"20,653",15.61,15.56,3.83,3.83,,,,,,,,
2017/6/23,203.55,204.02,202.62,202.62,"39,686","8,627,393",-0.4587,0.153,"25,930,380","5,626,892",217,217.5,-0.4598,18.334,10.57,"14,539",15.76,15.71,3.87,3.87,,,,,,,,
2017/6/22,202.62,203.55,202.15,203.55,"26,094","5,674,049",1.1601,0.1006,"25,930,380","5,652,822",218,218.5,1.1534,18.384,6.664,"7,559",15.83,15.78,3.88,3.88,,,,,,,,
2017/6/21,201.68,202.62,200.28,201.21,"45,384","9,793,828",-0.4619,0.175,"25,930,380","5,587,996",215.5,216,-0.463,18.26,9.85,"12,233",15.65,15.6,3.84,3.84,,,,,,,,
2017/6/20,200.75,203.55,200.28,202.15,"28,784","6,229,988",1.6432,0.111,"25,930,380","5,613,927",216.5,217,1.6298,18.389,7.183,"9,135",15.72,15.67,3.86,3.86,,,,,,,,
2017/6/19,197.01,198.88,196.55,198.88,"17,489","3,712,290",0.7092,0.0674,"25,930,380","5,523,170",213,213.5,0.7067,18.219,4.449,"5,658",15.47,15.42,3.79,3.79,,,,,,,,
2017/6/16,193.75,197.95,193.28,197.48,"32,856","6,902,455",1.6827,0.1267,"25,930,380","5,484,275",211,211.5,1.6687,18.257,7.602,"9,683",15.36,15.31,3.77,3.77,,,,,,,,
2017/6/15,193.75,194.21,193.28,194.21,"19,486","4,046,560",0.4831,0.0751,"25,930,380","5,393,519",207.5,208,0.4819,18.077,5.835,"6,497",15.11,15.06,3.71,3.71,,,,,,,,
2017/6/14,194.68,195.61,192.34,193.28,"39,083","8,113,132",-0.4808,0.1507,"25,930,380","5,367,588",206.5,207,-0.4819,18.02,8.703,"11,304",15.03,14.99,3.69,3.69,,,,,,,,
2017/6/13,193.28,194.68,192.81,194.21,"49,983","10,381,567",0.241,0.1928,"25,930,380","5,393,519",207.5,208,0.2407,18.007,13.652,"13,236",15.11,15.06,3.71,3.71,,,,,,,,
2017/6/12,193.28,196.08,193.28,193.75,"63,111","13,135,046",-2.1226,0.2434,"25,930,380","5,380,553",207.5,208,-2.1455,17.997,15.914,"22,473",15.07,15.02,3.7,3.7,,,,,,,,
2017/6/9,200.28,200.75,197.95,197.95,"35,190","7,505,851",-0.4695,0.1357,"25,930,380","5,497,240",212,212.5,-0.4706,18.225,8.124,"10,657",15.4,15.35,3.78,3.78,,,,,,,,
2017/6/8,197.95,198.88,197.48,198.88,"21,654","4,599,496",0.7092,0.0835,"25,930,380","5,523,170",212.5,213,0.7067,18.263,5.909,"7,926",15.47,15.42,3.79,3.79,,,,,,,,
2017/6/7,197.95,198.41,196.08,197.48,"34,729","7,342,424",0.4751,0.1339,"25,930,380","5,484,275",211,211.5,0.4739,18.162,6.828,"8,034",15.36,15.31,3.77,3.77,,,,,,,,
2017/6/6,196.55,197.48,196.55,196.55,"15,382","3,243,804",-0.7075,0.0593,"25,930,380","5,458,344",210.5,211,-0.7101,18.084,3.945,"5,541",15.29,15.24,3.75,3.75,,,,,,,,
2017/6/5,195.61,197.95,195.15,197.95,"22,545","4,746,962",1.4354,0.0869,"25,930,380","5,497,240",211.5,212,1.4252,18.176,5.507,"8,931",15.4,15.35,3.78,3.78,,,,,,,,
2017/6/3,195.15,195.15,194.21,195.15,"1,535","320,348",0,0.0059,"25,930,380","5,419,449",208.5,209,0,18.039,0.729,"1,078",15.18,15.13,3.72,3.72,,,,,,,,
2017/6/2,194.68,195.15,193.75,195.15,"23,265","4,845,442",0.9662,0.0897,"25,930,380","5,419,449",208.5,209,0.9615,18.049,5.965,"7,429",15.18,15.13,3.72,3.72,,,,,,,,
2017/6/1,191.41,193.28,190.94,193.28,"29,623","6,096,361",1.9704,0.1142,"25,930,380","5,367,588",206.5,207,1.9513,17.992,8.029,"6,374",15.03,14.99,3.69,3.69,,,,,,,,
2017/5/31,192.81,193.28,189.54,189.54,"67,935","13,853,122",-1.9324,0.262,"25,930,380","5,263,867",203,203.5,-1.9513,17.73,11.975,"11,757",14.74,17.38,3.62,4.1,,,,,,,,
2017/5/26,191.41,193.28,191.41,193.28,"32,976","6,794,923",0,0.1272,"25,930,380","5,367,588",206.5,207,0,17.973,8.096,"8,059",15.03,17.73,3.69,4.18,,,,,,,,
2017/5/25,192.34,193.28,191.88,193.28,"26,088","5,388,004",0.7299,0.1006,"25,930,380","5,367,588",206.5,207,0.7273,17.962,5.554,"7,406",15.03,17.73,3.69,4.18,,,,,,,,
2017/5/24,191.41,192.34,191.41,191.88,"18,307","3,760,309",0.2439,0.0706,"25,930,380","5,328,693",205.5,206,0.2436,17.944,5.001,"5,141",14.92,17.6,3.66,4.15,,,,,,,,
2017/5/23,191.41,193.28,190.94,191.41,"23,028","4,738,103",0,0.0888,"25,930,380","5,315,727",205,205.5,0,17.965,6.432,"7,003",14.89,17.55,3.65,4.14,,,,,,,,
2017/5/22,190.01,191.41,189.54,191.41,"17,419","3,554,245",0.9852,0.0672,"25,930,380","5,315,727",204.5,205,0.9804,17.985,4.264,"5,278",14.89,17.55,3.65,4.14,,,,,,,,
2017/5/19,190.01,190.94,189.08,189.54,"17,163","3,490,280",-0.2457,0.0662,"25,930,380","5,263,867",203,203.5,-0.246,17.898,5.239,"6,014",14.74,17.38,3.62,4.1,,,,,,,,
2017/5/18,189.08,190.48,188.14,190.01,"22,490","4,559,780",-0.2451,0.0867,"25,930,380","5,276,832",203.5,204,-0.2454,17.903,5.868,"6,983",14.78,17.43,3.63,4.11,,,,,,,,
2017/5/17,189.54,190.48,189.54,190.48,"22,606","4,599,735",-0.2445,0.0872,"25,930,380","5,289,797",203.5,204,-0.2448,17.896,5.668,"9,323",14.81,17.47,3.63,4.12,,,,,,,,
2017/5/16,191.41,191.41,190.01,190.94,"36,604","7,468,111",-0.7282,0.1412,"25,930,380","5,302,762",204,204.5,-0.7308,17.908,6.971,"11,066",14.85,17.51,3.64,4.13,,,,,,,,
2017/5/15,190.48,192.34,190.48,192.34,"25,922","5,324,070",0,0.1,"25,930,380","5,341,658",205.5,206,0,18.029,6.576,"8,141",14.96,17.64,3.67,4.16,,,,,,,,
2017/5/12,191.41,193.28,191.41,192.34,"25,507","5,246,098",-0.7229,0.0984,"25,930,380","5,341,658",205.5,206,-0.7255,18.118,6.138,"7,515",14.96,17.64,3.67,4.16,,,,,,,,
2017/5/11,190.94,194.68,190.48,193.75,"44,286","9,144,772",0.9732,0.1708,"25,930,380","5,380,553",207,207.5,0.9685,18.223,9.991,"16,478",15.07,17.77,3.7,4.19,,,,,,,,
2017/5/10,190.48,192.34,190.48,191.88,"31,075","6,369,713",0.9828,0.1198,"25,930,380","5,328,693",205.5,206,0.978,18.108,7.383,"11,094",14.92,17.6,3.66,4.15,,,,,,,,
2017/5/9,191.88,193.28,190.01,190.01,"48,285","9,920,879",0.4938,0.1862,"25,930,380","5,276,832",203.5,204,0.4926,18.028,9.693,"15,467",15.79,17.43,3.8,4.11,,,,,,,,
2017/5/8,185.81,189.08,185.81,189.08,"39,591","7,943,498",2.5316,0.1527,"25,930,380","5,250,901",202,202.5,2.5001,17.9,9.523,"15,190",15.71,17.34,3.78,4.09,,,,,,,,
2017/5/5,183.94,185.34,183.94,184.41,"17,618","3,484,019",-0.2525,0.0679,"25,930,380","5,121,250",197.5,198,-0.2528,17.524,5.102,"6,078",15.32,16.91,3.69,3.99,,,,,,,,
2017/5/4,185.34,185.81,183.94,184.87,"22,194","4,394,409",0,0.0856,"25,930,380","5,134,215",197.5,198,0,17.449,6.258,"8,787",15.36,16.95,3.7,4,,,,,,,,
2017/5/3,184.87,185.34,183.94,184.87,"27,240","5,390,698",0.7634,0.1051,"25,930,380","5,134,215",197.5,198,0.7605,17.471,6.903,"9,259",15.36,16.95,3.7,4,,,,,,,,
2017/5/2,185.34,185.81,182.54,183.47,"45,851","9,053,856",1.0283,0.1768,"25,930,380","5,095,319",196,196.5,1.023,17.363,9.386,"15,718",15.24,16.83,3.67,3.97,,,,,,,,
2017/4/28,180.67,181.61,180.21,181.61,"38,381","7,446,882",0.7772,0.148,"25,930,380","5,043,458",194,194.5,0.7742,17.313,7.841,"11,671",15.09,16.65,3.63,3.93,,,,,,,,
2017/4/27,179.27,180.21,177.87,180.21,"35,812","6,877,484",1.0471,0.1381,"25,930,380","5,004,563",192.5,193,1.0417,17.2,8.746,"9,859",14.97,16.53,3.6,3.9,,,,,,,,
2017/4/26,179.27,179.27,177.87,178.34,"31,119","5,951,704",-0.5208,0.12,"25,930,380","4,952,702",191,191.5,-0.5222,17.029,6.012,"10,342",14.82,16.36,3.56,3.86,,,,,,,,
2017/4/25,177.87,179.27,176.94,179.27,"31,952","6,096,631",1.0526,0.1232,"25,930,380","4,978,632",191.5,192,1.0471,17.144,7.078,"10,510",14.9,16.44,3.58,3.88,,,,,,,,
2017/4/24,178.34,178.81,176,177.41,"29,572","5,612,973",0,0.114,"25,930,380","4,926,772",190,190.5,0,17.181,6.524,"5,428",14.74,16.27,3.55,3.84,,,,,,,,
2017/4/21,175.07,177.41,175.07,177.41,"19,034","3,603,058",1.6043,0.0734,"25,930,380","4,926,772",189.5,190,1.5915,17.182,5.445,"6,966",14.74,16.27,3.55,3.84,,,,,,,,
2017/4/20,174.14,175.54,174.14,174.6,"32,697","6,118,457",0.2681,0.1261,"25,930,380","4,848,981",187,187.5,0.2677,17.059,5.578,"6,751",14.51,16.01,3.49,3.78,,,,,,,,
2017/4/19,175.07,175.07,174.14,174.14,"31,171","5,828,201",-0.7979,0.1202,"25,930,380","4,836,015",186.5,187,-0.8011,16.99,7.144,"9,427",14.47,15.97,3.48,3.77,,,,,,,,
2017/4/18,175.54,176.94,175.07,175.54,"28,732","5,411,365",0.2667,0.1108,"25,930,380","4,874,911",187.5,188,0.2663,16.94,7.03,"6,174",14.58,16.1,3.51,3.8,,,,,,,,
2017/4/17,176.47,176.47,175.07,175.07,"17,111","3,223,517",-0.7937,0.066,"25,930,380","4,861,946",187.5,188,-0.7968,16.949,4.543,"7,470",14.55,16.06,3.5,3.79,,,,,,,,
2017/4/14,176.94,176.94,175.54,176.47,"31,317","5,909,582",-1.3055,0.1208,"25,930,380","4,900,841",188.5,189,-1.3141,17.057,7.331,"12,442",14.66,16.18,3.53,3.82,,,,,,,,
2017/4/13,176.94,179.27,176.94,178.81,"14,796","2,829,915",0.2618,0.0571,"25,930,380","4,965,667",191.5,192,0.2614,17.106,3.529,"5,705",14.86,16.4,3.57,3.87,,,,,,,,
2017/4/12,177.87,178.81,177.41,178.34,"17,418","3,321,982",0,0.0672,"25,930,380","4,952,702",190.5,191,0,17.094,3.944,"5,778",14.82,16.36,3.56,3.86,,,,,,,,
2017/4/11,177.41,178.34,176.47,178.34,"9,788","1,862,488",0.5263,0.0377,"25,930,380","4,952,702",190.5,191,0.5249,17.069,1.842,"3,348",14.82,16.36,3.56,3.86,,,,,,,,
2017/4/10,178.34,178.81,176.94,177.41,"17,388","3,307,523",-0.5236,0.0671,"25,930,380","4,926,772",189.5,190,-0.5249,16.893,4.052,"6,803",14.74,16.27,3.55,3.84,,,,,,,,
2017/4/7,179.27,179.27,176,178.34,"19,066","3,624,732",-0.2611,0.0735,"25,930,380","4,952,702",190.5,191,-0.2614,16.997,3.795,"7,861",14.82,16.36,3.56,3.86,,,,,,,,
2017/4/6,180.21,180.21,178.34,178.81,"17,417","3,337,417",-0.7772,0.0672,"25,930,380","4,965,667",191,191.5,-0.7802,17.002,3.677,"6,309",14.86,16.4,3.57,3.87,,,,,,,,
2017/4/5,176.94,180.21,176.94,180.21,"45,116","8,656,195",2.1164,0.174,"25,930,380","5,004,563",192.5,193,2.0943,17.05,7.218,"14,224",14.97,16.53,3.6,3.9,,,,,,,,
2017/3/31,178.34,179.27,176.47,176.47,"33,996","6,457,321",-1.3055,0.1311,"25,930,380","4,900,841",189,189.5,-1.3141,16.932,6.556,"10,225",14.66,16.18,3.53,3.82,,,,,,,,
2017/3/30,179.74,180.21,177.87,178.81,"30,716","5,884,771",0,0.1185,"25,930,380","4,965,667",191.5,192,0,17.093,6.91,"9,900",14.86,16.4,3.57,3.87,,,,,,,,
2017/3/29,181.61,181.61,178.34,178.81,"33,839","6,501,685",-1.5424,0.1305,"25,930,380","4,965,667",191.5,192,-1.5544,17.08,7.825,"11,340",14.86,16.4,3.57,3.87,,,,,,,,
2017/3/28,182.07,182.07,179.74,181.61,"39,522","7,662,549",0.7772,0.1524,"25,930,380","5,043,458",194,194.5,0.7742,17.313,7.784,"9,380",15.09,16.65,3.63,3.93,,,,,,,,
2017/3/27,181.61,181.61,179.27,180.21,"29,867","5,766,195",0.2597,0.1152,"25,930,380","5,004,563",192.5,193,0.2594,17.178,7.071,"6,963",14.97,16.53,3.6,3.9,,,,,,,,
2017/3/24,179.27,180.21,179.27,179.74,"17,722","3,408,016",-0.5168,0.0683,"25,930,380","4,991,598",192,192.5,-0.5181,17.088,4.047,"5,225",14.93,16.48,3.59,3.89,,,,,,,,
2017/3/23,179.27,180.67,179.27,180.67,"18,831","3,628,401",0,0.0726,"25,930,380","5,017,528",193.5,194,0,17.129,3.768,"6,052",15.01,16.57,3.61,3.91,,,,,,,,
2017/3/22,179.74,180.67,178.81,180.67,"27,766","5,349,879",-0.7692,0.1071,"25,930,380","5,017,528",193,193.5,-0.7722,17.144,5.986,"9,435",15.01,16.57,3.61,3.91,,,,,,,,
2017/3/21,179.27,182.07,178.81,182.07,"33,662","6,523,324",1.8277,0.1298,"25,930,380","5,056,424",194.5,195,1.8112,17.191,6.827,"13,192",15.13,16.7,3.64,3.94,,,,,,,,
2017/3/20,178.81,178.81,176.94,178.81,"16,531","3,154,243",0,0.0638,"25,930,380","4,965,667",191,191.5,0,16.983,4.077,"6,790",14.86,16.4,3.57,3.87,,,,,,,,
2017/3/17,176.94,178.81,176.47,178.81,"38,698","7,377,279",0.7895,0.1492,"25,930,380","4,965,667",191,191.5,0.7864,16.99,7.116,"10,731",14.86,16.4,3.57,3.87,,,,,,,,
2017/3/16,175.54,177.41,175.54,177.41,"32,452","6,143,253",1.8767,0.1252,"25,930,380","4,926,772",189.5,190,1.8593,16.986,6.974,"15,071",14.74,16.27,3.55,3.84,,,,,,,,
2017/3/15,173.2,174.6,173.2,174.14,"14,147","2,634,475",0.2688,0.0546,"25,930,380","4,836,015",186,186.5,0.2685,16.84,3.946,"4,952",14.47,15.97,3.48,3.77,,,,,,,,
2017/3/14,175.54,175.54,173.67,173.67,"24,373","4,564,713",-0.2681,0.094,"25,930,380","4,823,050",186,186.5,-0.2685,16.788,5.019,"7,773",14.43,15.93,3.47,3.76,,,,,,,,
2017/3/13,172.74,174.14,172.74,174.14,"11,025","2,048,482",1.6349,0.0425,"25,930,380","4,836,015",186,186.5,1.6217,16.914,2.656,"4,141",14.47,15.97,3.48,3.77,,,,,,,,
2017/3/10,171.8,172.27,170.87,171.34,"24,886","4,569,391",-0.542,0.096,"25,930,380","4,758,224",183.5,184,-0.5435,16.761,5.525,"10,065",14.24,15.71,3.42,3.71,,,,,,,,
2017/3/9,173.2,173.67,171.8,172.27,"31,119","5,750,011",-1.3369,0.12,"25,930,380","4,784,155",184.5,185,-1.3459,16.797,6.966,"12,394",14.31,15.8,3.44,3.73,,,,,,,,
2017/3/8,173.67,175.54,173.2,174.6,"38,657","7,217,763",0.8086,0.1491,"25,930,380","4,848,981",187,187.5,0.8054,16.86,9.34,"9,614",14.51,16.01,3.49,3.78,,,,,,,,
2017/3/7,171.8,173.2,171.8,173.2,"22,816","4,214,029",1.0899,0.088,"25,930,380","4,810,085",185,185.5,1.084,16.751,6.282,"5,824",14.39,15.88,3.46,3.75,,,,,,,,
2017/3/6,171.8,172.27,171.34,171.34,"12,633","2,321,087",-0.2717,0.0487,"25,930,380","4,758,224",183.5,184,-0.2721,16.666,3.604,"5,831",14.24,15.71,3.42,3.71,,,,,,,,
2017/3/3,172.27,172.74,171.8,171.8,"28,213","5,199,920",-1.0753,0.1088,"25,930,380","4,771,189",184,184.5,-1.0811,16.771,6.64,"11,570",14.27,15.76,3.43,3.72,,,,,,,,
2017/3/2,175.54,176,172.74,173.67,"40,879","7,603,470",0,0.1576,"25,930,380","4,823,050",185.5,186,0,16.878,7.889,"12,567",14.43,15.93,3.47,3.76,,,,,,,,
2017/3/1,176,176,173.67,173.67,"48,263","9,041,728",-1.5873,0.1861,"25,930,380","4,823,050",186,186.5,-1.6,16.908,9.471,"12,019",14.43,15.93,3.47,3.76,,,,,,,,
2017/2/24,175.07,177.87,175.07,176.47,"26,177","4,945,608",0.2653,0.101,"25,930,380","4,900,841",189,189.5,0.2649,17.054,5.653,"7,417",14.66,16.18,3.53,3.82,,,,,,,,
2017/2/23,175.54,176.94,174.6,176,"36,095","6,809,495",0,0.1392,"25,930,380","4,887,876",188,188.5,0,16.977,7.183,"7,885",14.62,16.14,3.52,3.81,,,,,,,,
2017/2/22,177.87,178.34,176,176,"26,144","4,946,742",-0.7895,0.1008,"25,930,380","4,887,876",188.5,189,-0.7926,16.961,5.203,"6,199",14.62,16.14,3.52,3.81,,,,,,,,
2017/2/21,177.41,177.41,176,177.41,"31,987","6,058,373",0,0.1234,"25,930,380","4,926,772",189.5,190,0,17.123,7.241,"8,646",14.74,16.27,3.55,3.84,,,,,,,,
2017/2/20,177.41,177.87,176.94,177.41,"13,280","2,523,599",0.2639,0.0512,"25,930,380","4,926,772",189.5,190,0.2635,17.144,2.788,"6,466",14.74,16.27,3.55,3.84,,,,,,,,
2017/2/18,177.41,177.87,176.94,176.94,"3,517","667,392",0,0.0136,"25,930,380","4,913,807",189.5,190,0,17.052,1.138,"1,771",14.7,16.23,3.54,3.83,,,,,,,,
2017/2/17,177.41,177.87,176.47,176.94,"20,407","3,870,482",0.2646,0.0787,"25,930,380","4,913,807",189,189.5,0.2642,17.087,4.358,"7,390",14.7,16.23,3.54,3.83,,,,,,,,
2017/2/16,177.41,177.87,175.54,176.47,"28,371","5,360,502",0,0.1094,"25,930,380","4,900,841",188.5,189,0,17.023,5.29,"9,035",14.66,16.18,3.53,3.82,,,,,,,,
2017/2/15,174.6,176.94,174.14,176.47,"39,928","7,528,270",0.8,0.154,"25,930,380","4,900,841",189,189.5,0.7968,16.974,6.847,"12,905",15.98,16.18,3.82,3.82,,,,,,,,
2017/2/14,176.47,177.41,175.07,175.07,"46,716","8,798,947",0,0.1802,"25,930,380","4,861,946",187.5,188,0,16.979,8.324,"11,413",15.85,16.06,3.79,3.79,,,,,,,,
2017/2/13,174.14,175.54,174.14,175.07,"26,155","4,904,437",1.0782,0.1009,"25,930,380","4,861,946",187.5,188,1.0724,16.994,5.232,"10,124",15.85,16.06,3.79,3.79,,,,,,,,
2017/2/10,172.27,173.2,171.8,173.2,"49,257","9,113,650",0.8152,0.19,"25,930,380","4,810,085",185,185.5,0.8119,16.89,7.132,"9,566",15.68,15.88,3.75,3.75,,,,,,,,
2017/2/9,171.8,173.2,171.34,171.8,"23,419","4,320,161",0.2725,0.0903,"25,930,380","4,771,189",184,184.5,0.2721,16.885,3.64,"6,639",15.55,15.76,3.72,3.72,,,,,,,,
2017/2/8,171.34,172.27,170.87,171.34,"45,607","8,371,548",-0.542,0.1759,"25,930,380","4,758,224",183.5,184,-0.5435,16.928,8.067,"8,245",15.51,15.71,3.71,3.71,,,,,,,,
2017/2/7,171.34,172.74,170.87,172.27,"23,981","4,418,689",0,0.0925,"25,930,380","4,784,155",184.5,185,0,17.002,4.938,"8,712",15.6,15.8,3.73,3.73,,,,,,,,
2017/2/6,172.27,173.2,171.8,172.27,"29,702","5,476,151",0,0.1145,"25,930,380","4,784,155",184,184.5,0,17.032,5.721,"8,330",15.6,15.8,3.73,3.73,,,,,,,,
2017/2/3,173.67,173.67,171.34,172.27,"30,387","5,604,884",0,0.1172,"25,930,380","4,784,155",184,184.5,0,17.18,5.872,"8,079",15.6,15.8,3.73,3.73,,,,,,,,
2017/2/2,175.54,176,171.8,172.27,"153,703","28,731,441",-0.5391,0.5928,"25,930,380","4,784,155",184.5,185,-0.5405,17.23,20.217,"21,047",15.6,15.8,3.73,3.73,,,,,,,,
2017/1/24,172.74,174.14,172.27,173.2,"72,014","13,356,900",0.2703,0.2777,"25,930,380","4,810,085",185.5,186,0.2699,17.3,12.755,"14,227",15.68,15.88,3.75,3.75,,,,,,,,
2017/1/23,170.4,172.74,170.4,172.74,"58,299","10,699,572",2.2099,0.2248,"25,930,380","4,797,120",184.5,185,2.1859,17.298,10.144,"13,560",15.64,15.84,3.74,3.74,,,,,,,,
2017/1/20,169,169.47,168.53,169,"42,317","7,658,563",0.277,0.1632,"25,930,380","4,693,398",181,181.5,0.2766,17.091,11.205,"7,803",15.3,15.5,3.66,3.66,,,,,,,,
2017/1/19,167.6,169,167.6,168.53,"25,935","4,673,783",-0.2762,0.1,"25,930,380","4,680,433",180,180.5,-0.2766,17.069,6.157,"8,400",15.26,15.46,3.65,3.65,,,,,,,,
2017/1/18,168.53,169,167.6,169,"23,810","4,292,682",0,0.0918,"25,930,380","4,693,398",180.5,181,0,17.071,6.106,"7,783",15.3,15.5,3.66,3.66,,,,,,,,
2017/1/17,168.53,169,167.6,169,"13,207","2,386,575",0.8357,0.0509,"25,930,380","4,693,398",180.5,181,0.8322,17.049,4.623,"5,771",15.3,15.5,3.66,3.66,,,,,,,,
2017/1/16,168.07,168.53,167.13,167.6,"30,878","5,545,432",-1.1019,0.1191,"25,930,380","4,654,503",179.5,180,-1.108,17.02,10.717,"13,441",15.17,15.37,3.63,3.63,,,,,,,,
2017/1/13,168.53,170.4,168.53,169.47,"53,089","9,622,624",-1.626,0.2047,"25,930,380","4,706,363",181,181.5,-1.6394,17.052,14.459,"16,366",15.34,15.54,3.67,3.67,,,,,,,,
2017/1/12,170.4,173.2,170.4,172.27,"48,599","8,959,263",1.3736,0.1874,"25,930,380","4,784,155",184,184.5,1.3643,17.276,11.037,"13,220",15.6,15.8,3.73,3.73,,,,,,,,
2017/1/11,172.74,172.74,169.47,169.94,"29,747","5,438,136",-1.087,0.1147,"25,930,380","4,719,329",181.5,182,-1.0929,17.158,8.008,"10,509",15.38,15.58,3.68,3.68,,,,,,,,
2017/1/10,172.27,173.2,171.34,171.8,"20,691","3,811,496",0,0.0798,"25,930,380","4,771,189",184,184.5,0,17.34,6.955,"7,831",15.55,15.76,3.72,3.72,,,,,,,,
2017/1/9,171.8,172.74,170.87,171.8,"18,583","3,419,409",0,0.0717,"25,930,380","4,771,189",183.5,184,0,17.353,5.733,"5,759",15.55,15.76,3.72,3.72,,,,,,,,
2017/1/6,171.8,172.27,171.34,171.8,"23,120","4,250,912",0.2725,0.0892,"25,930,380","4,771,189",183.5,184,0.2721,17.298,6.545,"9,659",15.55,15.76,3.72,3.72,,,,,,,,
2017/1/5,169.94,171.34,169.47,171.34,"21,373","3,913,389",0.2732,0.0824,"25,930,380","4,758,224",183,183.5,0.2729,17.278,5.58,"8,297",15.51,15.71,3.71,3.71,,,,,,,,
2017/1/4,170.87,171.8,169.47,170.87,"24,482","4,478,699",0,0.0944,"25,930,380","4,745,259",183,183.5,0,17.363,8.616,"8,476",15.47,15.67,3.7,3.7,,,,,,,,
2017/1/3,169.47,171.34,169,170.87,"23,550","4,300,648",0.8264,0.0908,"25,930,380","4,745,259",182.5,183,0.823,17.39,10.559,"8,743",15.47,15.67,3.7,3.7,,,,,,,,
2016/12/30,169,170.4,168.07,169.47,"36,748","6,647,442",0.8333,0.1417,"25,930,380","4,706,363",181,181.5,0.8299,17.304,12.771,"11,638",15.34,15.54,3.67,3.67,,,,,,,,
2016/12/29,168.07,169.47,168.07,168.07,"30,211","5,453,513",-1.0989,0.1165,"25,930,380","4,667,468",180,180.5,-1.105,17.348,11.301,"10,947",15.22,15.41,3.64,3.64,,,,,,,,
2016/12/28,169,169.94,168.53,169.94,"21,441","3,896,591",1.1111,0.0827,"25,930,380","4,719,329",181.5,182,1.105,17.449,9.351,"7,026",15.38,15.58,3.68,3.68,,,,,,,,
2016/12/27,168.07,168.53,167.6,168.07,"8,276","1,488,495",0.2786,0.0319,"25,930,380","4,667,468",179.5,180,0.2782,17.432,5.182,"4,246",15.22,15.41,3.64,3.64,,,,,,,,
2016/12/26,167.13,168.07,167.13,167.6,"5,694","1,021,265",0.5602,0.022,"25,930,380","4,654,503",179.5,180,0.5587,17.381,3.819,"3,404",15.17,15.37,3.63,3.63,,,,,,,,
2016/12/23,167.13,168.07,166.67,166.67,"24,376","4,359,360",-0.2793,0.094,"25,930,380","4,628,572",178.5,179,-0.2797,17.345,9.323,"9,298",15.09,15.28,3.61,3.61,,,,,,,,
2016/12/22,168.07,168.53,167.13,167.13,"26,509","4,758,580",-0.5556,0.1022,"25,930,380","4,641,538",179,179.5,-0.5571,17.317,9.231,"10,768",15.13,15.33,3.62,3.62,,,,,,,,
2016/12/21,169,169.94,168.07,168.07,"32,234","5,828,554",-1.3699,0.1243,"25,930,380","4,667,468",180,180.5,-1.3793,17.254,11.047,"11,377",15.22,15.41,3.64,3.64,,,,,,,,
2016/12/20,169,170.4,168.07,170.4,"24,243","4,394,840",0,0.0935,"25,930,380","4,732,294",182,182.5,0,17.422,8.49,"10,223",15.43,15.63,3.69,3.69,,,,,,,,
2016/12/19,171.8,172.27,170.4,170.4,"20,553","3,763,429",-1.3514,0.0793,"25,930,380","4,732,294",182.5,183,-1.3606,17.428,7.385,"7,956",15.43,15.63,3.69,3.69,,,,,,,,
2016/12/16,173.2,174.6,172.74,172.74,"36,266","6,720,634",-1.0695,0.1399,"25,930,380","4,797,120",184.5,185,-1.0753,17.501,9.092,"7,994",15.64,15.84,3.74,3.74,,,,,,,,
2016/12/15,172.74,175.07,172.27,174.6,"24,244","4,508,246",-0.2667,0.0935,"25,930,380","4,848,981",187,187.5,-0.267,17.626,7.401,"6,135",15.81,16.01,3.78,3.78,,,,,,,,
2016/12/14,174.14,175.07,173.2,175.07,"16,768","3,131,823",0.8065,0.0647,"25,930,380","4,861,946",187,187.5,0.8032,17.658,5.079,"6,485",15.85,16.06,3.79,3.79,,,,,,,,
2016/12/13,174.14,174.14,172.27,173.67,"23,692","4,398,859",0.5405,0.0914,"25,930,380","4,823,050",185.5,186,0.5391,17.491,7.166,"7,561",15.72,15.93,3.76,3.76,,,,,,,,
2016/12/12,173.67,174.6,171.8,172.74,"18,817","3,494,579",-0.5376,0.0726,"25,930,380","4,797,120",184.5,185,-0.5391,17.457,5.509,"6,853",15.64,15.84,3.74,3.74,,,,,,,,
2016/12/9,173.67,173.67,172.27,173.67,"24,890","4,618,750",0.2695,0.096,"25,930,380","4,823,050",185.5,186,0.2692,17.471,6.841,"8,116",15.72,15.93,3.76,3.76,,,,,,,,
2016/12/8,171.8,173.2,170.87,173.2,"27,276","5,030,766",2.2039,0.1052,"25,930,380","4,810,085",185,185.5,2.1799,17.456,6.192,"11,258",15.68,15.88,3.75,3.75,,,,,,,,
2016/12/7,170.87,171.34,169.47,169.47,"14,529","2,645,149",-0.2747,0.056,"25,930,380","4,706,363",181.5,182,-0.2751,17.285,4.371,"5,127",15.34,15.54,3.67,3.67,,,,,,,,
2016/12/6,169,170.87,168.53,169.94,"27,728","5,051,414",1.676,0.1069,"25,930,380","4,719,329",182,182.5,1.6621,17.357,7.855,"10,430",15.38,15.58,3.68,3.68,,,,,,,,
2016/12/5,166.2,168.07,166.2,167.13,"32,249","5,771,614",0.5618,0.1244,"25,930,380","4,641,538",179,179.5,0.5602,17.239,10.489,"10,198",15.13,15.33,3.62,3.62,,,,,,,,
2016/12/2,167.13,167.6,166.2,166.2,"53,946","9,634,395",-2.7322,0.208,"25,930,380","4,615,607",178,178.5,-2.7703,17.089,14.473,"21,618",15.05,15.24,3.6,3.6,,,,,,,,
2016/12/1,169.94,170.87,169.47,170.87,"13,923","2,540,480",0,0.0537,"25,930,380","4,745,259",182.5,183,0,17.43,3.992,"6,514",15.47,15.67,3.7,3.7,,,,,,,,
