,年月日,開盤價(元),最高價(元),最低價(元),收盤價(元),成交量(千股),成交值(千元),報酬率％,週轉率％,流通在外股數(千股),市值(百萬元),最後揭示買價,最後揭示賣價,報酬率-Ln,市值比重％,成交值比重％,成交筆數(筆),本益比-TSE,本益比-TEJ,股價淨值比-TSE,股價淨值比-TEJ
0,2016-12-06,169.0,170.87,168.53,169.94,"27,728","5,051,414",1.676,0.1069,"25,930,380","4,719,329",182.0,182.5,1.6621,17.357,7.855,"10,430",15.38,15.58,3.68,3.68
1,2016-12-09,173.67,173.67,172.27,173.67,"24,890","4,618,750",0.2695,0.096,"25,930,380","4,823,050",185.5,186.0,0.2692,17.471,6.841,"8,116",15.72,15.93,3.76,3.76
2,2016-12-27,168.07,168.53,167.6,168.07,"8,276","1,488,495",0.2786,0.0319,"25,930,380","4,667,468",179.5,180.0,0.2782,17.432000000000002,5.182,"4,246",15.22,15.41,3.64,3.64
3,2017-01-03,169.47,171.34,169.0,170.87,"23,550","4,300,648",0.8264,0.0908,"25,930,380","4,745,259",182.5,183.0,0.823,17.39,10.559000000000001,"8,743",15.47,15.67,3.7,3.7
4,2017-01-12,170.4,173.2,170.4,172.27,"48,599","8,959,263",1.3736,0.1874,"25,930,380","4,784,155",184.0,184.5,1.3643,17.276,11.037,"13,220",15.6,15.8,3.73,3.73
5,2017-02-06,172.27,173.2,171.8,172.27,"29,702","5,476,151",0.0,0.1145,"25,930,380","4,784,155",184.0,184.5,0.0,17.032,5.721,"8,330",15.6,15.8,3.73,3.73
6,2017-02-09,171.8,173.2,171.34,171.8,"23,419","4,320,161",0.2725,0.0903,"25,930,380","4,771,189",184.0,184.5,0.2721,16.885,3.64,"6,639",15.55,15.76,3.72,3.72
7,2017-02-23,175.54,176.94,174.6,176.0,"36,095","6,809,495",0.0,0.1392,"25,930,380","4,887,876",188.0,188.5,0.0,16.977,7.183,"7,885",14.62,16.14,3.52,3.81
8,2017-03-20,178.81,178.81,176.94,178.81,"16,531","3,154,243",0.0,0.0638,"25,930,380","4,965,667",191.0,191.5,0.0,16.983,4.077,"6,790",14.86,16.4,3.57,3.87
9,2017-03-21,179.27,182.07,178.81,182.07,"33,662","6,523,324",1.8277,0.1298,"25,930,380","5,056,424",194.5,195.0,1.8112,17.191,6.827000000000001,"13,192",15.13,16.7,3.64,3.94
10,2017-04-07,179.27,179.27,176.0,178.34,"19,066","3,624,732",-0.2611,0.0735,"25,930,380","4,952,702",190.5,191.0,-0.2614,16.997,3.795,"7,861",14.82,16.36,3.56,3.86
11,2017-04-12,177.87,178.81,177.41,178.34,"17,418","3,321,982",0.0,0.0672,"25,930,380","4,952,702",190.5,191.0,0.0,17.094,3.944,"5,778",14.82,16.36,3.56,3.86
12,2017-04-13,176.94,179.27,176.94,178.81,"14,796","2,829,915",0.2618,0.0571,"25,930,380","4,965,667",191.5,192.0,0.2614,17.105999999999998,3.529,"5,705",14.86,16.4,3.57,3.87
13,2017-05-03,184.87,185.34,183.94,184.87,"27,240","5,390,698",0.7634,0.1051,"25,930,380","5,134,215",197.5,198.0,0.7605,17.471,6.903,"9,259",15.36,16.95,3.7,4.0
14,2017-05-08,185.81,189.08,185.81,189.08,"39,591","7,943,498",2.5316,0.1527,"25,930,380","5,250,901",202.0,202.5,2.5001,17.9,9.523,"15,190",15.71,17.34,3.78,4.09
15,2017-05-09,191.88,193.28,190.01,190.01,"48,285","9,920,879",0.4938,0.1862,"25,930,380","5,276,832",203.5,204.0,0.4926,18.028,9.693,"15,467",15.79,17.43,3.8,4.11
16,2017-05-11,190.94,194.68,190.48,193.75,"44,286","9,144,772",0.9732,0.1708,"25,930,380","5,380,553",207.0,207.5,0.9685,18.223,9.991,"16,478",15.07,17.77,3.7,4.19
17,2017-05-23,191.41,193.28,190.94,191.41,"23,028","4,738,103",0.0,0.0888,"25,930,380","5,315,727",205.0,205.5,0.0,17.965,6.432,"7,003",14.89,17.55,3.65,4.14
18,2017-05-25,192.34,193.28,191.88,193.28,"26,088","5,388,004",0.7299,0.1006,"25,930,380","5,367,588",206.5,207.0,0.7273,17.962,5.553999999999999,"7,406",15.03,17.73,3.69,4.18
19,2017-06-07,197.95,198.41,196.08,197.48,"34,729","7,342,424",0.4751,0.1339,"25,930,380","5,484,275",211.0,211.5,0.4739,18.162,6.827999999999999,"8,034",15.36,15.31,3.77,3.77
20,2017-06-08,197.95,198.88,197.48,198.88,"21,654","4,599,496",0.7092,0.0835,"25,930,380","5,523,170",212.5,213.0,0.7067,18.262999999999998,5.909,"7,926",15.47,15.42,3.79,3.79
21,2017-06-23,203.55,204.02,202.62,202.62,"39,686","8,627,393",-0.4587,0.153,"25,930,380","5,626,892",217.0,217.5,-0.4598,18.334,10.57,"14,539",15.76,15.71,3.87,3.87
22,2017-06-23,203.55,204.02,202.62,202.62,"39,686","8,627,393",-0.4587,0.153,"25,930,380","5,626,892",217.0,217.5,-0.4598,18.334,10.57,"14,539",15.76,15.71,3.87,3.87
23,2017-06-28,202.13,202.62,200.69,201.17,"52,273","10,919,812",-1.4184,0.2016,"25,930,380","5,406,484",208.5,209.0,-1.4286,17.593,9.549,"15,953",15.14,15.09,3.71,3.71
24,2017-06-30,199.24,201.17,199.24,201.17,"31,709","6,580,047",-0.7143,0.1223,"25,930,380","5,406,484",208.0,208.5,-0.7168,17.581,7.397,"9,805",15.14,15.09,3.71,3.71
25,2017-07-03,200.2,201.65,199.72,201.65,"21,066","4,382,736",0.2398,0.0812,"25,930,380","5,419,449",208.5,209.0,0.2395,17.567999999999998,5.593999999999999,"7,037",15.18,15.13,3.72,3.72
26,2017-07-10,199.24,199.72,198.76,198.76,"13,326","2,749,724",0.0,0.0514,"25,930,380","5,341,658",206.0,206.5,0.0,17.519000000000002,3.589,"5,812",14.96,14.91,3.67,3.67
27,2017-07-27,205.99,208.4,205.99,207.92,"23,045","4,959,471",1.1737,0.0889,"25,930,380","5,587,996",215.5,216.0,1.1669,17.939,4.9030000000000005,"9,138",15.65,15.6,3.84,3.84
28,2017-08-07,205.99,208.89,205.99,208.4,"21,594","4,653,776",1.4085,0.0833,"25,930,380","5,600,962",215.5,216.0,1.3986,17.886,3.927,"7,115",15.69,15.64,3.85,3.85
29,2017-08-11,203.58,205.99,203.1,205.03,"41,592","8,803,564",-0.7009,0.1604,"25,930,380","5,510,205",212.0,212.5,-0.7034,18.021,7.867999999999999,"13,751",15.71,15.38,4.11,3.79
30,2017-08-17,205.99,206.47,205.51,206.47,"8,353","1,785,167",0.4695,0.0322,"25,930,380","5,549,101",213.5,214.0,0.4684,18.114,1.952,"3,120",15.82,15.49,4.14,3.81
31,2017-09-05,210.33,210.33,208.89,210.33,"34,514","7,503,488",0.2299,0.1331,"25,930,380","5,652,822",217.5,218.0,0.2296,18.034000000000002,6.932,"7,065",16.11,15.78,4.21,3.88
32,2017-09-06,208.89,210.33,208.4,209.37,"28,148","6,117,444",-0.4587,0.1086,"25,930,380","5,626,892",216.5,217.0,-0.4598,18.07,5.247000000000001,"6,999",16.04,15.71,4.19,3.87
33,2017-09-21,213.23,215.16,212.26,213.23,"18,645","4,125,047",-0.2257,0.0719,"25,930,380","5,730,613",221.0,221.5,-0.226,18.375999999999998,3.697,"6,604",16.33,16.0,4.27,3.94
34,2017-09-22,213.71,214.19,210.82,210.82,"22,456","4,930,530",-1.1312,0.0866,"25,930,380","5,665,788",218.5,219.0,-1.1377,18.402,4.446000000000001,"7,431",16.15,15.82,4.22,3.89
35,2017-09-28,207.44,208.4,205.99,206.47,"31,616","6,788,534",-0.4651,0.1219,"25,930,380","5,549,101",214.0,214.5,-0.4662,18.293,6.974,"7,749",15.82,15.49,4.14,3.81
36,2017-09-29,208.4,209.85,207.92,208.89,"23,954","5,184,362",1.1682,0.0924,"25,930,380","5,613,927",216.5,217.0,1.1615,18.449,5.629,"7,507",16.0,15.67,4.18,3.86
37,2017-10-02,211.78,212.75,210.82,212.75,"28,360","6,233,064",1.8476,0.1094,"25,930,380","5,717,648",220.0,220.5,1.8307,18.442,6.553999999999999,"10,605",16.3,16.24,4.26,4.26
38,2017-10-03,211.3,215.16,211.3,214.68,"38,330","8,497,244",0.907,0.1478,"25,930,380","5,769,509",222.0,222.5,0.9029,18.6,8.346,"12,703",16.44,16.39,4.3,4.3
39,2017-10-05,214.19,217.57,214.19,216.61,"25,397","5,691,251",0.8989,0.0979,"25,930,380","5,821,370",224.0,224.5,0.8949,18.679000000000002,5.829,"8,601",16.59,16.54,4.34,4.34
40,2017-10-11,218.54,225.29,218.54,224.81,"67,649","15,633,206",3.7862,0.2609,"25,930,380","6,041,778",233.0,233.5,3.7163,19.162,10.892999999999999,"20,879",17.22,17.16,4.5,4.5
41,2017-10-20,229.63,231.08,229.15,229.15,"27,056","6,456,386",-0.6276,0.1043,"25,930,380","6,158,465",237.5,238.0,-0.6296,19.375,5.452000000000001,"7,206",17.55,17.49,4.59,4.59
42,2017-11-14,232.53,232.53,230.6,231.56,"17,229","4,132,433",0.2088,0.0664,"25,930,380","6,223,291",240.0,240.5,0.2086,19.584,3.5410000000000004,"4,130",18.09,17.68,4.35,4.64
43,2017-11-16,229.63,231.56,229.15,229.63,"17,274","4,118,927",0.2105,0.0666,"25,930,380","6,171,430",238.0,238.5,0.2103,19.525,4.268,"5,683",17.94,17.53,4.31,4.6
44,2017-11-24,233.49,235.9,233.01,235.42,"11,404","2,777,319",0.6186,0.044000000000000004,"25,930,380","6,327,012",243.5,244.0,0.6167,19.594,2.483,"3,910",18.39,17.97,4.42,4.72
45,2017-11-29,226.74,227.7,226.25,226.25,"26,535","6,234,161",0.2137,0.1023,"25,930,380","6,080,674",234.5,235.0,0.2134,19.076,5.027,"6,976",17.67,17.27,4.25,4.53
46,2017-12-07,218.54,218.54,214.68,218.54,"41,619","9,349,711",-0.2203,0.1605,"25,930,380","5,873,231",226.0,226.5,-0.2205,19.012,7.343999999999999,"13,336",17.07,17.02,4.1,4.11
47,2017-12-08,222.88,222.88,216.61,219.02,"38,183","8,678,808",0.2208,0.1473,"25,930,380","5,886,196",226.5,227.0,0.2205,18.973,7.084,"9,485",17.11,17.05,4.11,4.11
48,2017-12-18,219.02,219.98,218.54,219.02,"15,702","3,565,805",-1.3043,0.0606,"25,930,380","5,886,196",227.0,227.5,-1.3129,18.778,3.998,"5,961",17.11,17.05,4.11,4.11
49,2017-12-21,218.54,219.02,216.61,217.09,"20,826","4,696,105",0.2227,0.0803,"25,930,380","5,834,335",225.0,225.5,0.2225,18.643,5.183,"5,893",16.96,16.9,4.08,4.08
50,2017-12-22,217.09,219.5,216.12,219.5,"19,106","4,315,809",1.1111,0.0737,"25,930,380","5,899,161",227.5,228.0,1.105,18.764,5.026,"6,146",17.14,17.09,4.12,4.12
51,2017-12-27,217.09,218.05,217.09,217.09,"12,515","2,820,168",-0.4425,0.0483,"25,930,380","5,834,335",225.0,225.5,-0.4435,18.643,3.31,"5,717",16.96,16.9,4.08,4.08
52,2018-01-12,226.25,229.63,225.29,228.67,"23,141","5,463,302",0.8511,0.0892,"25,930,380","6,145,500",236.5,237.0,0.8475,18.913,4.599,"7,905",17.86,17.8,4.3,4.3
53,2018-01-16,231.56,232.04,229.63,232.04,"23,407","5,609,009",0.2083,0.0903,"25,930,380","6,236,256",240.0,240.5,0.2081,19.014,4.572,"8,156",18.12,18.07,4.36,4.36
54,2018-01-17,232.04,234.45,230.6,233.49,"38,118","9,207,582",0.6237,0.147,"25,930,380","6,275,151",241.5,242.0,0.6218,19.1,7.013999999999999,"12,593",18.24,18.18,4.39,4.39
55,2018-01-19,244.59,246.52,242.66,246.52,"55,061","13,975,174",2.8169,0.2123,"25,930,380","6,625,212",255.0,255.5,2.778,19.902,11.208,"18,801",19.25,19.19,4.63,4.63
56,2018-01-22,248.45,252.79,247.96,252.3,"45,907","11,934,882",2.3483,0.177,"25,930,380","6,780,794",261.0,261.5,2.3212,20.224,8.624,"13,558",19.71,19.64,4.74,4.74
57,2018-02-08,231.08,233.49,229.63,230.11,"31,192","7,468,970",-0.625,0.1203,"25,930,380","6,184,395",238.5,239.0,-0.627,19.666,7.442,"10,274",17.97,17.92,4.32,4.32
58,2018-03-08,240.73,242.66,240.24,240.73,"20,645","5,172,732",1.0121,0.0796,"25,930,380","6,469,629",249.5,250.0,1.0071,19.99,4.649,"8,817",18.86,18.74,4.25,4.52
59,2018-03-15,248.93,248.93,246.03,246.03,"19,396","4,965,546",-0.7782,0.0748,"25,930,380","6,612,246",255.0,255.5,-0.7813,20.067,4.817,"5,945",19.27,19.16,4.34,4.62
60,2018-03-16,244.1,247.0,240.73,246.03,"62,989","15,930,805",0.0,0.2429,"25,930,380","6,612,246",254.5,255.0,0.0,20.05,9.942,"18,058",19.27,19.16,4.34,4.62
61,2018-03-26,233.01,235.9,233.01,234.94,"39,487","9,582,954",-0.6122,0.1523,"25,930,380","6,314,047",243.0,243.5,-0.6141,19.477,8.936,"11,404",18.41,18.29,4.15,4.41
62,2018-03-28,238.8,239.28,235.42,236.38,"29,924","7,349,468",-2.3904,0.1154,"25,930,380","6,352,943",244.5,245.0,-2.4195,19.551,7.059,"13,041",18.52,18.4,4.17,4.44
63,2018-03-29,234.45,238.31,233.97,235.42,"36,427","8,888,435",-0.4082,0.1405,"25,930,380","6,327,012",244.0,244.5,-0.409,19.507,8.347999999999999,"12,832",18.44,18.33,4.16,4.42
64,2018-04-18,231.08,233.01,228.18,229.63,"44,768","10,668,587",0.0,0.1726,"25,930,380","6,171,430",238.0,238.5,0.0,19.337,7.881,"12,132",17.99,17.88,4.05,4.31
65,2018-04-19,233.49,235.9,232.53,235.9,"33,230","8,081,404",2.7311,0.1282,"25,930,380","6,339,977",244.0,244.5,2.6945,19.642,5.566,"10,987",18.48,18.37,4.17,4.43
66,2018-04-20,219.98,223.36,219.98,220.95,"129,890","29,837,344",-6.3395,0.5009,"25,930,380","5,938,057",229.0,229.5,-6.5493,18.723,20.191,"46,349",17.31,17.2,3.9,4.15
67,2018-04-26,217.09,217.57,213.23,214.19,"48,176","10,766,085",-1.3333,0.1858,"25,930,380","5,756,544",221.5,222.0,-1.3423,18.654,8.357999999999999,"16,253",16.78,16.68,3.78,4.02
68,2018-04-27,217.09,217.57,213.23,215.64,"34,443","7,679,131",0.6757,0.1328,"25,930,380","5,795,439",223.0,223.5,0.6734,18.665,7.07,"10,859",16.89,16.79,3.81,4.05
69,2018-05-09,220.46,223.84,220.46,221.43,"35,597","8,188,991",0.6579,0.1373,"25,930,380","5,951,022",229.5,230.0,0.6557,18.667,6.513999999999999,"12,616",17.24,17.24,3.71,4.16
70,2018-05-16,221.43,222.39,220.46,222.39,"14,834","3,408,682",0.0,0.0572,"25,930,380","5,976,952",230.0,230.5,0.0,18.413,2.6310000000000002,"5,398",17.32,17.32,3.72,4.18
71,2018-05-18,217.57,219.5,215.64,215.64,"28,187","6,327,474",-1.3245,0.1087,"25,930,380","5,795,439",223.5,224.0,-1.3334,17.961,5.308,"9,720",16.79,16.79,3.61,4.05
72,2018-05-31,213.71,216.12,212.75,216.12,"96,587","21,553,655",1.3575,0.3725,"25,930,380","5,808,405",223.5,224.0,1.3483,17.927,9.401,"12,737",16.83,16.83,3.62,4.06
73,2018-06-04,219.5,220.95,219.02,220.95,"31,257","7,131,988",2.2321,0.1205,"25,930,380","5,938,057",228.5,229.0,2.2076,17.933,4.882,"9,746",17.21,17.34,3.7,3.7
74,2018-06-08,220.95,220.95,218.05,219.02,"24,192","5,493,234",-1.3043,0.0933,"25,930,380","5,886,196",227.0,227.5,-1.3129,17.702,3.613,"7,775",17.05,17.19,3.67,3.67
75,2018-06-13,220.95,223.84,219.98,223.84,"36,081","8,311,856",1.31,0.1391,"25,930,380","6,015,848",231.5,232.0,1.3015,18.057000000000002,4.874,"10,687",17.43,17.57,3.75,3.75
76,2018-06-14,221.91,221.91,218.54,218.54,"36,932","8,423,126",-2.3707,0.1424,"25,930,380","5,873,231",226.5,227.0,-2.3992,17.884,5.325,"12,252",17.02,17.15,3.66,3.66
77,2018-06-19,217.57,218.05,216.12,217.09,"61,142","13,754,800",-2.5974,0.2358,"25,930,380","5,834,335",225.0,225.5,-2.6317,17.941,8.582,"19,088",16.9,17.04,3.63,3.63
78,2018-06-21,219.5,219.98,218.05,218.54,"32,572","7,379,769",0.2212,0.1256,"25,930,380","5,873,231",226.5,227.0,0.221,18.0,5.66,"9,421",17.02,17.15,3.66,3.66
79,2018-06-25,220.0,220.5,218.0,218.0,"49,058","10,749,795",-0.6593,0.1892,"25,930,380","5,652,822",218.0,218.5,-0.6615,17.572,9.068,"17,959",16.38,16.51,3.52,3.52
80,2018-06-27,216.0,216.0,212.5,213.0,"40,863","8,742,004",-0.6993,0.1576,"25,930,380","5,523,170",213.0,213.5,-0.7018,17.305,6.37,"12,681",16.0,16.13,3.44,3.44
81,2018-07-04,217.0,217.5,215.5,216.0,"15,359","3,324,927",0.6993,0.0592,"25,930,380","5,600,962",216.0,216.5,0.6969,17.509,2.855,"5,434",16.23,16.36,3.49,3.49
82,2018-07-10,223.0,224.0,222.0,222.0,"20,196","4,498,264",0.2257,0.0779,"25,930,380","5,756,544",222.0,222.5,0.2255,17.935,3.8080000000000003,"6,922",16.68,16.81,3.58,3.58
83,2018-07-18,223.0,224.0,222.0,223.0,"45,802","10,221,407",0.6772,0.1766,"25,930,380","5,782,474",222.5,223.0,0.6749,17.879,6.537000000000001,"12,139",16.75,16.89,3.6,3.6
84,2018-07-19,225.5,227.0,224.5,224.5,"43,976","9,930,715",0.6726,0.1696,"25,930,380","5,821,370",224.5,225.0,0.6704,18.018,7.315,"12,076",16.87,17.0,3.63,3.62
85,2018-07-20,235.0,237.5,233.0,237.5,"103,652","24,367,904",5.7906,0.3997,"25,930,380","6,158,465",237.0,237.5,5.6292,18.893,15.632,"39,544",17.84,17.99,3.83,3.83
86,2018-08-03,246.0,248.0,245.0,247.0,"25,165","6,205,758",1.0225,0.09699999999999999,"25,930,380","6,404,803",246.0,247.0,1.0173,19.491,4.79,"9,585",18.56,18.71,3.99,3.99
87,2018-08-15,244.5,244.5,239.5,241.5,"19,236","4,642,117",-0.8214,0.0742,"25,930,380","6,262,186",241.5,242.0,-0.8247,19.58,3.716,"8,920",17.82,18.29,4.2,3.9
88,2018-08-28,248.5,250.0,248.0,249.5,"40,410","10,075,613",1.8367,0.1558,"25,930,380","6,469,629",249.0,249.5,1.8201,19.718,8.287,"16,881",18.41,18.9,4.34,4.03
89,2018-08-29,253.5,259.0,253.5,259.0,"57,633","14,784,556",3.8076,0.2223,"25,930,380","6,715,968",258.5,259.0,3.7369,20.267,13.142999999999999,"25,668",19.11,19.62,4.51,4.18
90,2018-08-30,264.5,268.0,262.5,263.5,"52,622","13,914,404",1.7375,0.2029,"25,930,380","6,832,655",263.0,263.5,1.7225,20.634,13.02,"22,862",19.45,19.96,4.59,4.25
91,2018-08-31,257.5,259.0,254.0,256.0,"70,000","17,920,548",-2.8463,0.27,"25,930,380","6,638,177",255.5,256.0,-2.8876,20.1,15.702,"19,019",18.89,19.39,4.46,4.13
92,2018-09-06,268.0,268.0,261.0,261.0,"39,779","10,467,251",-1.1364,0.1534,"25,930,380","6,767,829",261.0,261.5,-1.1429,20.748,8.482999999999999,"11,996",19.26,19.77,4.54,4.21
93,2018-09-07,263.0,264.0,260.5,264.0,"44,746","11,753,033",1.1494,0.1726,"25,930,380","6,845,620",263.5,264.0,1.1429,21.136999999999997,8.16,"15,015",19.48,19.99,4.59,4.26
94,2018-09-11,263.0,263.5,258.0,260.0,"44,981","11,709,484",-1.7013,0.1735,"25,930,380","6,741,898",259.5,260.0,-1.716,21.0,9.67,"14,768",19.19,19.69,4.52,4.2
95,2018-09-13,260.0,260.0,253.5,255.0,"37,959","9,721,989",-2.1113,0.1464,"25,930,380","6,612,246",255.0,255.5,-2.1339,20.691999999999997,9.157,"14,987",18.82,19.31,4.44,4.12
96,2018-09-14,257.0,261.5,257.0,261.0,"40,034","10,379,404",2.3529,0.1544,"25,930,380","6,767,829",260.5,261.0,2.3257,20.905,8.61,"15,690",19.26,19.77,4.54,4.21
97,2018-09-19,258.0,260.0,257.0,258.0,"69,978","18,074,954",1.3752,0.2699,"25,930,380","6,690,038",258.0,258.5,1.3659,20.703000000000003,14.937000000000001,"14,056",19.04,19.54,4.49,4.17
98,2018-09-26,263.0,263.5,261.0,263.5,"25,061","6,577,367",0.0,0.0966,"25,930,380","6,832,655",263.0,263.5,0.0,20.961,6.836,"7,007",19.45,19.96,4.59,4.25
99,2018-09-27,264.0,266.0,262.0,265.0,"38,495","10,185,827",0.5693,0.1485,"25,930,380","6,871,550",264.5,265.0,0.5676,21.005,9.026,"11,536",19.56,20.07,4.61,4.28
100,2018-09-28,266.0,266.0,260.0,262.5,"39,645","10,412,455",-0.9434,0.1529,"25,930,380","6,806,724",262.0,262.5,-0.9479,20.857,8.157,"13,060",19.37,19.88,4.57,4.24
101,2018-09-28,266.0,266.0,260.0,262.5,"39,645","10,412,455",-0.9434,0.1529,"25,930,380","6,806,724",262.0,262.5,-0.9479,20.857,8.157,"13,060",19.37,19.88,4.57,4.24
102,2018-10-02,262.0,263.0,257.0,257.5,"38,391","9,926,505",-2.0913,0.1481,"25,930,380","6,677,072",257.0,257.5,-2.1134,20.585,10.054,"17,095",19.0,18.97,4.48,4.48
103,2018-10-03,257.5,260.0,257.0,260.0,"25,228","6,527,393",0.9709,0.0973,"25,930,380","6,741,898",259.5,260.0,0.9662,20.89,6.9110000000000005,"9,992",19.19,19.16,4.52,4.52
104,2018-10-05,250.0,253.0,248.5,250.0,"40,396","10,101,451",-1.5748,0.1558,"25,930,380","6,482,595",249.5,250.0,-1.5873,20.768,7.317,"16,031",18.45,18.42,4.35,4.35
105,2018-10-09,243.5,245.0,242.0,244.0,"28,933","7,051,600",0.2053,0.1116,"25,930,380","6,327,012",243.5,244.0,0.2051,20.366,6.318,"11,743",18.01,17.98,4.25,4.25
106,2018-10-12,231.0,237.0,229.0,237.0,"54,439","12,650,322",4.1758,0.2099,"25,930,380","6,145,500",236.5,237.0,4.091,20.627,9.583,"17,980",17.49,17.46,4.12,4.12
107,2018-10-15,234.0,234.0,230.5,230.5,"46,471","10,766,953",-2.7426,0.1792,"25,930,380","5,976,952",230.5,231.0,-2.7809,20.354,10.429,"16,558",17.01,16.98,4.01,4.01
108,2018-10-16,229.5,237.0,229.0,237.0,"39,129","9,155,829",2.82,0.1509,"25,930,380","6,145,500",236.5,237.0,2.7809,20.76,9.426,"15,182",17.49,17.46,4.12,4.12
109,2018-10-17,241.5,243.0,238.0,238.5,"42,887","10,318,955",0.6329,0.1654,"25,930,380","6,184,395",238.0,238.5,0.6309,20.896,10.082,"17,550",17.6,17.57,4.15,4.15
110,2018-10-18,238.0,239.0,235.5,236.5,"27,793","6,587,887",-0.8386,0.1072,"25,930,380","6,132,534",236.5,237.0,-0.8421,21.686999999999998,7.641,"10,599",17.45,17.42,4.12,4.12
111,2018-10-19,231.0,236.5,230.0,236.0,"29,648","6,927,405",-0.2114,0.1143,"25,930,380","6,119,569",235.5,236.0,-0.2116,21.717,6.132999999999999,"12,378",17.42,17.39,4.11,4.11
112,2018-10-19,231.0,236.5,230.0,236.0,"29,648","6,927,405",-0.2114,0.1143,"25,930,380","6,119,569",235.5,236.0,-0.2116,21.717,6.132999999999999,"12,378",17.42,17.39,4.11,4.11
113,2018-10-19,231.0,236.5,230.0,236.0,"29,648","6,927,405",-0.2114,0.1143,"25,930,380","6,119,569",235.5,236.0,-0.2116,21.717,6.132999999999999,"12,378",17.42,17.39,4.11,4.11
114,2018-10-29,223.0,224.0,221.0,222.5,"18,463","4,107,663",0.6787,0.0712,"25,930,380","5,769,509",222.0,222.5,0.6764,21.342,4.787,"7,679",16.42,16.39,3.87,3.87
115,2018-10-31,228.0,234.0,228.0,234.0,"59,933","13,844,478",4.9327,0.2311,"25,930,380","6,067,708",233.0,234.0,4.8149,21.791,12.142999999999999,"19,183",17.27,17.24,4.07,4.07
116,2018-11-07,233.0,236.0,232.5,234.0,"39,842","9,337,023",-0.2132,0.1536,"25,930,380","6,067,708",233.5,234.0,-0.2134,21.491999999999997,8.994,"7,387",17.27,17.24,4.07,4.07
117,2018-11-13,224.5,228.0,224.5,227.5,"37,565","8,504,691",-1.7279,0.1449,"25,930,380","5,899,161",227.5,228.0,-1.743,21.177,8.691,"11,507",16.79,16.76,3.96,3.96
118,2018-11-19,225.0,225.0,221.0,222.0,"51,034","11,355,347",-1.7699,0.1968,"25,930,380","5,756,544",222.0,222.5,-1.7858,20.552,13.880999999999998,"16,289",16.42,16.36,3.65,3.86
119,2018-11-20,219.0,220.5,218.0,218.0,"45,686","9,995,960",-1.8018,0.1762,"25,930,380","5,652,822",218.0,218.5,-1.8182,20.355999999999998,12.392000000000001,"16,874",16.12,16.06,3.59,3.79
120,2018-11-22,221.5,222.0,219.0,219.0,"22,060","4,867,686",0.0,0.0851,"25,930,380","5,678,753",219.0,219.5,0.0,20.52,5.499,"9,095",16.2,16.14,3.6,3.81
121,2018-11-28,222.5,227.0,222.0,226.5,"24,759","5,560,623",1.1161,0.0955,"25,930,380","5,873,231",226.0,226.5,1.1099,20.86,4.939,"8,316",16.75,16.69,3.73,3.94
122,2018-11-30,229.5,231.0,225.5,225.5,"57,352","12,995,823",-1.5284,0.2212,"25,930,380","5,847,300",225.5,226.0,-1.5402,20.772,8.421,"10,931",16.68,16.61,3.71,3.92
123,2018-12-03,231.0,235.0,231.0,235.0,"49,612","11,579,966",4.2129,0.1913,"25,930,380","6,093,639",234.5,235.0,4.1265,20.112000000000002,7.615,"19,747",17.38,17.27,3.87,3.87
124,2018-12-04,233.0,234.5,231.0,234.0,"41,947","9,791,147",-0.4255,0.1618,"25,930,380","6,067,708",233.5,234.0,-0.4264,20.137,7.197,"12,545",17.31,17.2,3.85,3.85
125,2018-12-05,226.5,227.5,225.0,226.0,"45,634","10,316,394",-3.4188,0.17600000000000002,"25,930,380","5,860,265",225.5,226.0,-3.4786,19.772000000000002,9.947000000000001,"15,703",16.72,16.61,3.72,3.72
126,2018-12-10,219.5,220.0,218.5,219.0,"26,229","5,744,814",-0.905,0.1012,"25,930,380","5,678,753",218.5,219.0,-0.9091,19.694000000000003,6.4910000000000005,"8,650",16.2,16.1,3.6,3.61
127,2018-12-11,220.0,223.0,219.0,222.5,"27,395","6,067,551",1.5982,0.1056,"25,930,380","5,769,509",222.0,222.5,1.5855,19.886,7.127000000000001,"8,509",16.46,16.35,3.66,3.66
128,2018-12-12,223.5,227.0,222.5,226.5,"32,926","7,418,108",1.7978,0.127,"25,930,380","5,873,231",226.5,227.0,1.7818,20.018,7.9270000000000005,"9,117",16.75,16.65,3.73,3.73
129,2018-12-13,227.0,227.5,225.0,226.0,"32,433","7,345,479",-0.2208,0.1251,"25,930,380","5,860,265",225.5,226.0,-0.221,19.887999999999998,7.257000000000001,"8,635",16.72,16.61,3.72,3.72
130,2018-12-17,221.0,225.0,220.0,223.5,"18,964","4,229,977",0.4494,0.0731,"25,930,380","5,795,439",223.5,224.0,0.4484,19.811,5.936,"6,449",16.53,16.43,3.68,3.68
131,2018-12-18,221.0,223.0,220.5,222.5,"30,270","6,713,448",-0.4474,0.1167,"25,930,380","5,769,509",222.0,222.5,-0.4484,19.862000000000002,8.191,"10,521",16.46,16.35,3.66,3.66
132,2018-12-19,222.0,225.5,222.0,225.5,"23,415","5,255,393",1.3483,0.0903,"25,930,380","5,847,300",225.0,225.5,1.3393,19.998,6.646,"7,875",16.68,16.57,3.71,3.71
133,2018-12-21,219.0,224.0,219.0,223.5,"46,947","10,401,202",1.1312,0.1811,"25,930,380","5,795,439",223.0,223.5,1.1249,20.04,10.523,"9,554",16.53,16.43,3.68,3.68
134,2019-01-03,214.0,218.0,214.0,215.5,"34,615","7,459,051",-1.8223,0.1335,"25,930,380","5,587,996",215.0,215.5,-1.8391,19.672,9.436,"14,549",15.94,15.84,3.55,3.55
135,2019-01-09,212.0,216.5,211.0,215.5,"51,255","11,006,827",2.1327,0.1977,"25,930,380","5,587,996",215.5,216.0,2.1103,19.175,9.458,"14,098",15.94,15.84,3.55,3.55
136,2019-01-11,219.0,220.5,218.0,220.5,"28,658","6,296,719",2.0833,0.1105,"25,930,380","5,717,648",220.0,220.5,2.0619,19.578,7.357,"11,198",16.31,16.21,3.63,3.63
137,2019-01-11,219.0,220.5,218.0,220.5,"28,658","6,296,719",2.0833,0.1105,"25,930,380","5,717,648",220.0,220.5,2.0619,19.578,7.357,"11,198",16.31,16.21,3.63,3.63
138,2019-01-15,216.5,221.0,215.5,221.0,"42,990","9,399,209",1.1442,0.1658,"25,930,380","5,730,613",220.5,221.0,1.1377,19.529,10.422,"11,609",16.35,16.24,3.64,3.64
139,2019-01-16,218.5,220.0,217.5,217.5,"30,038","6,563,789",-1.5837,0.1158,"25,930,380","5,639,857",217.5,218.0,-1.5964,19.302,7.5520000000000005,"8,950",16.09,15.98,3.58,3.58
140,2019-01-17,218.0,221.0,218.0,220.5,"21,163","4,646,131",1.3793,0.0816,"25,930,380","5,717,648",220.0,220.5,1.3699,19.518,5.534,"8,288",16.31,16.21,3.63,3.63
141,2019-01-18,219.0,220.0,217.5,218.5,"52,677","11,530,053",-0.907,0.2031,"25,930,380","5,665,788",218.5,219.0,-0.9112,19.249000000000002,13.164000000000001,"15,157",16.16,16.06,3.6,3.6
142,2019-01-22,220.0,223.0,219.0,223.0,"30,958","6,854,867",0.905,0.1194,"25,930,380","5,782,474",222.5,223.0,0.9009,19.53,9.696,"8,258",16.49,16.39,3.67,3.67
143,2019-01-23,221.5,222.0,220.0,220.5,"18,671","4,121,110",-1.1211,0.07200000000000001,"25,930,380","5,717,648",220.5,221.0,-1.1274,19.405,6.962000000000001,"7,059",16.31,16.21,3.63,3.63
144,2019-01-25,226.5,227.0,225.0,226.0,"48,039","10,870,045",1.5730000000000002,0.1853,"25,930,380","5,860,265",226.0,226.5,1.5608,19.675,10.649000000000001,"14,979",16.72,16.61,3.72,3.72
145,2019-01-28,229.5,229.5,228.0,229.0,"29,134","6,665,379",1.3274,0.1124,"25,930,380","5,938,057",228.5,229.0,1.3187,19.849,7.785,"10,189",16.94,16.83,3.77,3.77
146,2019-02-14,229.5,230.0,226.0,227.0,"23,647","5,392,943",-0.8734,0.0912,"25,930,380","5,886,196",227.0,227.5,-0.8772,19.482,5.229,"6,873",16.79,16.68,3.74,3.74
147,2019-02-15,229.0,229.0,226.5,227.0,"22,369","5,093,773",0.0,0.0863,"25,930,380","5,886,196",227.0,227.5,0.0,19.531,4.921,"5,743",16.79,16.68,3.74,3.74
148,2019-02-15,229.0,229.0,226.5,227.0,"22,369","5,093,773",0.0,0.0863,"25,930,380","5,886,196",227.0,227.5,0.0,19.531,4.921,"5,743",16.79,16.68,3.74,3.74
149,2019-02-18,229.0,230.5,228.5,230.0,"18,163","4,169,729",1.3216,0.07,"25,930,380","5,963,987",229.5,230.0,1.3129,19.633,4.269,"7,035",17.01,16.9,3.79,3.79
150,2019-02-19,230.0,230.5,229.0,229.0,"18,423","4,228,108",-0.4348,0.071,"25,930,380","5,938,057",229.0,229.5,-0.4357,19.534000000000002,4.524,"6,471",16.94,16.83,3.77,3.77
151,2019-02-20,231.5,234.5,231.0,234.5,"31,887","7,430,197",2.4017,0.12300000000000001,"25,930,380","6,080,674",234.0,234.5,2.3734,19.77,6.1160000000000005,"14,241",17.34,17.23,3.86,3.86
152,2019-02-21,235.5,236.5,234.5,236.5,"34,013","8,013,908",0.8529,0.1312,"25,930,380","6,132,534",236.0,236.5,0.8493,19.847,7.081,"11,443",17.49,17.38,3.89,3.89
153,2019-02-22,235.5,236.5,234.0,236.5,"22,032","5,187,054",0.0,0.085,"25,930,380","6,132,534",236.0,236.5,0.0,19.84,4.8180000000000005,"6,913",17.47,17.38,3.66,3.89
154,2019-02-22,235.5,236.5,234.0,236.5,"22,032","5,187,054",0.0,0.085,"25,930,380","6,132,534",236.0,236.5,0.0,19.84,4.8180000000000005,"6,913",17.47,17.38,3.66,3.89
155,2019-03-06,235.0,235.5,233.5,234.0,"20,811","4,872,352",0.4292,0.0803,"25,930,380","6,067,708",233.5,234.0,0.4283,19.551,5.454,"7,090",17.28,17.2,3.62,3.85
156,2019-03-07,235.0,235.0,233.0,234.0,"17,226","4,029,782",0.0,0.0664,"25,930,380","6,067,708",233.5,234.0,0.0,19.637999999999998,4.355,"5,768",17.28,17.2,3.62,3.85
157,2019-03-11,228.0,230.5,227.5,230.5,"34,282","7,835,079",0.2174,0.1322,"25,930,380","5,976,952",230.0,230.5,0.2172,19.462,9.388,"7,451",17.02,16.94,3.56,3.79
158,2019-03-13,234.0,237.0,234.0,237.0,"22,493","5,308,051",0.6369,0.0867,"25,930,380","6,145,500",236.5,237.0,0.6349,19.775,6.112,"6,269",17.5,17.42,3.66,3.9
159,2019-03-14,239.0,239.0,234.0,234.5,"17,281","4,077,045",-1.0549,0.0666,"25,930,380","6,080,674",234.0,234.5,-1.0605,19.613,3.878,"6,564",17.32,17.23,3.63,3.86
160,2019-03-20,242.0,242.0,239.5,242.0,"23,055","5,563,557",0.6237,0.0889,"25,930,380","6,275,151",241.5,242.0,0.6218,19.844,5.181,"6,757",17.87,17.79,3.74,3.98
161,2019-03-21,242.5,245.5,241.0,245.5,"27,514","6,710,510",1.4463,0.1061,"25,930,380","6,365,908",245.0,245.5,1.4359,20.023,6.598,"11,071",18.13,18.04,3.8,4.04
162,2019-03-22,248.0,248.5,244.5,248.5,"22,996","5,680,726",1.222,0.0887,"25,930,380","6,443,699",248.0,248.5,1.2146,20.212,4.763,"10,485",18.35,18.26,3.84,4.09
163,2019-03-25,240.5,243.5,240.5,241.5,"19,273","4,662,705",-2.8169,0.0743,"25,930,380","6,262,186",241.5,242.0,-2.8573,19.941,4.762,"8,468",17.84,17.75,3.73,3.98
164,2019-03-28,240.5,242.5,240.0,242.0,"13,998","3,379,510",0.207,0.054000000000000006,"25,930,380","6,275,151",242.0,242.5,0.2068,19.874000000000002,4.2010000000000005,"3,948",17.87,17.79,3.74,3.98
165,2019-03-29,243.0,245.5,240.5,245.5,"31,024","7,568,601",1.4463,0.1196,"25,930,380","6,365,908",245.0,245.5,1.4359,19.963,7.185,"6,712",18.13,18.04,3.8,4.04
166,2019-03-29,243.0,245.5,240.5,245.5,"31,024","7,568,601",1.4463,0.1196,"25,930,380","6,365,908",245.0,245.5,1.4359,19.963,7.185,"6,712",18.13,18.04,3.8,4.04
167,2019-04-01,251.0,251.0,245.0,245.5,"35,330","8,758,161",0.0,0.1362,"25,930,380","6,365,908",245.5,246.0,0.0,19.96,6.489,"13,292",18.13,18.04,3.8,4.04
168,2019-04-02,249.5,249.5,246.0,246.0,"25,189","6,226,523",0.2037,0.0971,"25,930,380","6,378,873",246.0,246.5,0.2035,19.899,5.103,"9,171",18.17,18.08,3.8,4.05
169,2019-04-03,249.0,249.0,246.5,246.5,"28,581","7,075,597",0.2033,0.1102,"25,930,380","6,391,838",246.5,247.0,0.203,19.912,6.647,"8,067",18.21,18.12,3.81,4.06
170,2019-04-08,251.0,253.0,250.5,253.0,"46,426","11,682,512",2.6369,0.179,"25,930,380","6,560,386",252.5,253.0,2.6027,20.262999999999998,8.37,"16,430",18.69,18.59,3.91,4.16
